8ab8c18a-5de3-436a-8716-66d4c3ab41f2,Caden.Armstrong,$2a$10$MfvbIn/788.ErI46fSj.wOxj5fkPXlyBd2rlGY0w9CUCB0C2eIq6y,Thurman Bernier,Demarco84@yahoo.com,https://avatars.githubusercontent.com/u/5031374,player,2024-10-25 19:24:46.720
ff128c64-ac69-4d92-a766-7de8f94c2e86,Tristin_Hilpert48,$2a$10$MfvbIn/788.ErI46fSj.wOxj5fkPXlyBd2rlGY0w9CUCB0C2eIq6y,Dorothea Mraz,Melvina_Kessler75@yahoo.com,https://avatars.githubusercontent.com/u/39171148,player,2024-10-25 19:24:46.720
3a2794ff-ce61-4e35-b77a-1dc3200bc860,Owen_Roberts9,$2a$10$MfvbIn/788.ErI46fSj.wOxj5fkPXlyBd2rlGY0w9CUCB0C2eIq6y,Velda Green,Quinn_Pagac@yahoo.com,https://avatars.githubusercontent.com/u/64199977,player,2024-10-25 19:24:46.721
9b02cbc1-93cb-4502-bba3-14fa6abc1459,Consuelo17,$2a$10$MfvbIn/788.ErI46fSj.wOxj5fkPXlyBd2rlGY0w9CUCB0C2eIq6y,Brooklyn Morar,Lexus.Veum2@hotmail.com,https://avatars.githubusercontent.com/u/36351207,admin,2024-10-25 19:24:46.721
e81f57c3-04bc-4c55-b5e1-97c587025773,Jesus.Kuhlman,$2a$10$MfvbIn/788.ErI46fSj.wOxj5fkPXlyBd2rlGY0w9CUCB0C2eIq6y,Golda Medhurst,Morgan57@yahoo.com,https://avatars.githubusercontent.com/u/14058936,player,2024-10-25 19:24:46.721
3896e89f-16a3-4d54-a6db-0f1bcce9f5a3,Glen_Erdman,$2a$10$MfvbIn/788.ErI46fSj.wOxj5fkPXlyBd2rlGY0w9CUCB0C2eIq6y,Justus Hegmann,Braulio.White33@yahoo.com,https://avatars.githubusercontent.com/u/65143807,admin,2024-10-25 19:24:46.721
bdb57446-8a0a-40a4-9ad6-a54e4b71ee96,Alvera_Kris,$2a$10$MfvbIn/788.ErI46fSj.wOxj5fkPXlyBd2rlGY0w9CUCB0C2eIq6y,Adrien O'Reilly,Domenick.Stanton@yahoo.com,https://avatars.githubusercontent.com/u/25564711,player,2024-10-25 19:24:46.721
9df52163-e7e3-4096-a5c7-5ed6b1f8947b,Alexane59,$2a$10$MfvbIn/788.ErI46fSj.wOxj5fkPXlyBd2rlGY0w9CUCB0C2eIq6y,Lacey Armstrong,Marguerite39@yahoo.com,https://avatars.githubusercontent.com/u/50432563,admin,2024-10-25 19:24:46.721
0cf2bfa3-e109-4a89-aabc-bdc1c680e727,Archibald_Harber57,$2a$10$MfvbIn/788.ErI46fSj.wOxj5fkPXlyBd2rlGY0w9CUCB0C2eIq6y,Hudson Lindgren,Amani.Adams@gmail.com,https://avatars.githubusercontent.com/u/28328852,player,2024-10-25 19:24:46.721
c2cbc968-0e6c-4b80-afb3-2e20a112f432,Horacio.Schultz,$2a$10$MfvbIn/788.ErI46fSj.wOxj5fkPXlyBd2rlGY0w9CUCB0C2eIq6y,Lon Zulauf,Flo.Feil29@yahoo.com,https://avatars.githubusercontent.com/u/41496284,admin,2024-10-25 19:24:46.721
bf6b87ad-d4a1-4069-9a34-d9df8c1cc6b3,Tressa.Renner25,$2a$10$MfvbIn/788.ErI46fSj.wOxj5fkPXlyBd2rlGY0w9CUCB0C2eIq6y,Rex Lesch,Hipolito95@hotmail.com,https://avatars.githubusercontent.com/u/43502144,admin,2024-10-25 19:24:46.721
cb39c2df-3b4d-42d3-b051-262b7baf3d46,Beryl.Mitchell51,$2a$10$MfvbIn/788.ErI46fSj.wOxj5fkPXlyBd2rlGY0w9CUCB0C2eIq6y,Christ Ratke,Keaton_Feil@gmail.com,https://avatars.githubusercontent.com/u/58824647,player,2024-10-25 19:24:46.721
49714326-d65b-4984-b36d-f11a80438070,Brady69,$2a$10$MfvbIn/788.ErI46fSj.wOxj5fkPXlyBd2rlGY0w9CUCB0C2eIq6y,Dejon Bernier,Hazle_Kovacek@hotmail.com,https://avatars.githubusercontent.com/u/55514601,admin,2024-10-25 19:24:46.721
0af001cd-3650-466a-95e3-203c888a0a61,Narciso.Nienow,$2a$10$MfvbIn/788.ErI46fSj.wOxj5fkPXlyBd2rlGY0w9CUCB0C2eIq6y,Lionel Kovacek,Sammie_Bechtelar32@hotmail.com,https://avatars.githubusercontent.com/u/25285075,admin,2024-10-25 19:24:46.721
2c9a7d72-ccc9-4676-acab-ddc45541756f,Eduardo59,$2a$10$MfvbIn/788.ErI46fSj.wOxj5fkPXlyBd2rlGY0w9CUCB0C2eIq6y,Junius Skiles,Abbie_Rohan@yahoo.com,https://avatars.githubusercontent.com/u/90166277,admin,2024-10-25 19:24:46.721
9a958b0f-ffe4-44ab-bbdd-fdebb637a148,Keaton63,$2a$10$MfvbIn/788.ErI46fSj.wOxj5fkPXlyBd2rlGY0w9CUCB0C2eIq6y,Alvis Beatty,Trevion0@yahoo.com,https://avatars.githubusercontent.com/u/78056290,player,2024-10-25 19:24:46.721
3fba35b9-617d-41ce-b3bc-e82422e06273,Roel_Stark,$2a$10$MfvbIn/788.ErI46fSj.wOxj5fkPXlyBd2rlGY0w9CUCB0C2eIq6y,Lizzie Goldner,Mayra21@hotmail.com,https://avatars.githubusercontent.com/u/84275525,player,2024-10-25 19:24:46.721
f3df2816-87b8-454a-92b8-5bc34c5820b8,Bert_Pfannerstill45,$2a$10$MfvbIn/788.ErI46fSj.wOxj5fkPXlyBd2rlGY0w9CUCB0C2eIq6y,Casandra Hettinger,Reginald27@yahoo.com,https://avatars.githubusercontent.com/u/18759844,admin,2024-10-25 19:24:46.721
ade70afd-6929-4b7f-adf7-fa486b2adcf7,Joan.Dibbert44,$2a$10$MfvbIn/788.ErI46fSj.wOxj5fkPXlyBd2rlGY0w9CUCB0C2eIq6y,Darrick Ortiz,Lue57@gmail.com,https://avatars.githubusercontent.com/u/62338152,admin,2024-10-25 19:24:46.721
18009f1f-cd5f-45af-ae98-86525f9b58b5,Josiane_Hilll,$2a$10$MfvbIn/788.ErI46fSj.wOxj5fkPXlyBd2rlGY0w9CUCB0C2eIq6y,Stanford Rodriguez,Colby55@yahoo.com,https://avatars.githubusercontent.com/u/65611150,admin,2024-10-25 19:24:46.721
e32921f4-bc41-4ac6-adb1-f34557bc2940,Maximus5,$2a$10$MfvbIn/788.ErI46fSj.wOxj5fkPXlyBd2rlGY0w9CUCB0C2eIq6y,Gabrielle Durgan,Coy.Gleichner53@gmail.com,https://avatars.githubusercontent.com/u/44813036,player,2024-10-25 19:24:46.721
a3cf33d9-6534-47ff-92fc-550bc3bcd90f,Monte_Rutherford77,$2a$10$MfvbIn/788.ErI46fSj.wOxj5fkPXlyBd2rlGY0w9CUCB0C2eIq6y,Vernice Prosacco,Casandra76@gmail.com,https://avatars.githubusercontent.com/u/17408767,player,2024-10-25 19:24:46.721
1f8da00e-3ff2-4699-a760-a418e22d631a,Ilene99,$2a$10$MfvbIn/788.ErI46fSj.wOxj5fkPXlyBd2rlGY0w9CUCB0C2eIq6y,Patricia Cummings,Maribel55@yahoo.com,https://avatars.githubusercontent.com/u/28581800,admin,2024-10-25 19:24:46.721
102d4de0-beab-45bd-96e5-348293b1aa5c,Malinda14,$2a$10$MfvbIn/788.ErI46fSj.wOxj5fkPXlyBd2rlGY0w9CUCB0C2eIq6y,Valerie Mosciski,Alvena.Boehm@hotmail.com,https://avatars.githubusercontent.com/u/10030376,admin,2024-10-25 19:24:46.721
6b65d660-a539-4180-b134-89adbde78b18,Lilyan37,$2a$10$MfvbIn/788.ErI46fSj.wOxj5fkPXlyBd2rlGY0w9CUCB0C2eIq6y,Freida Torp,Shanna.Deckow@gmail.com,https://avatars.githubusercontent.com/u/60057739,admin,2024-10-25 19:24:46.721
48644c40-92d1-482f-9f67-bb1789e0f73e,Orval10,$2a$10$MfvbIn/788.ErI46fSj.wOxj5fkPXlyBd2rlGY0w9CUCB0C2eIq6y,Eden Prohaska,Paris6@hotmail.com,https://avatars.githubusercontent.com/u/74869192,player,2024-10-25 19:24:46.721
310869d4-0808-4548-ac8b-22c51a260a1a,Melvina18,$2a$10$MfvbIn/788.ErI46fSj.wOxj5fkPXlyBd2rlGY0w9CUCB0C2eIq6y,Matilda Hammes,Josefina83@hotmail.com,https://avatars.githubusercontent.com/u/53058572,player,2024-10-25 19:24:46.721
86033c89-e8ff-46bc-9863-73ffa0dbd1ce,Camylle54,$2a$10$MfvbIn/788.ErI46fSj.wOxj5fkPXlyBd2rlGY0w9CUCB0C2eIq6y,Leann Wilderman,Tessie_Padberg@hotmail.com,https://avatars.githubusercontent.com/u/31462120,admin,2024-10-25 19:24:46.721
bdaf523f-8caf-4cd8-ba20-2c907ff4150f,Verona1,$2a$10$MfvbIn/788.ErI46fSj.wOxj5fkPXlyBd2rlGY0w9CUCB0C2eIq6y,Michael Ankunding,Donnie_VonRueden46@yahoo.com,https://avatars.githubusercontent.com/u/26123782,admin,2024-10-25 19:24:46.721
13727903-c0bc-4b18-bf6d-127ab673a50a,Jonatan.Friesen89,$2a$10$MfvbIn/788.ErI46fSj.wOxj5fkPXlyBd2rlGY0w9CUCB0C2eIq6y,Rosetta Bauch,Marquis72@hotmail.com,https://avatars.githubusercontent.com/u/59654700,admin,2024-10-25 19:24:46.721
c6bed0d0-f2a9-4677-a75c-b4b22479f665,Owen.Corkery,$2a$10$MfvbIn/788.ErI46fSj.wOxj5fkPXlyBd2rlGY0w9CUCB0C2eIq6y,Elinore Goodwin,Derek.Mitchell52@gmail.com,https://avatars.githubusercontent.com/u/94309693,admin,2024-10-25 19:24:46.721
f3e7ac86-e3e9-4987-b179-cab41130719f,Randi.Heaney96,$2a$10$MfvbIn/788.ErI46fSj.wOxj5fkPXlyBd2rlGY0w9CUCB0C2eIq6y,Timmy Brown,Micaela_Trantow@yahoo.com,https://avatars.githubusercontent.com/u/89679306,player,2024-10-25 19:24:46.721
0065fa37-9f1d-474f-8e84-2be713ab73cf,Amber.Hickle80,$2a$10$MfvbIn/788.ErI46fSj.wOxj5fkPXlyBd2rlGY0w9CUCB0C2eIq6y,Josianne Mills,Zackery.Auer@gmail.com,https://avatars.githubusercontent.com/u/62128305,admin,2024-10-25 19:24:46.721
4fb3b749-ec2e-4f6b-bb25-79408df15a6b,Henry.Schneider-Morissette54,$2a$10$MfvbIn/788.ErI46fSj.wOxj5fkPXlyBd2rlGY0w9CUCB0C2eIq6y,Brooke Braun,Emilie.Renner@gmail.com,https://avatars.githubusercontent.com/u/66467730,admin,2024-10-25 19:24:46.721
436d54f7-2daf-4289-b172-3296894a83b8,Cedrick38,$2a$10$MfvbIn/788.ErI46fSj.wOxj5fkPXlyBd2rlGY0w9CUCB0C2eIq6y,Flossie Franey,Ray_Bogan@yahoo.com,https://avatars.githubusercontent.com/u/63701326,player,2024-10-25 19:24:46.721
243033bc-7710-43aa-a5da-d66cea3d909a,Jovanny_Tremblay11,$2a$10$MfvbIn/788.ErI46fSj.wOxj5fkPXlyBd2rlGY0w9CUCB0C2eIq6y,Meta Aufderhar,Bonnie.Carter19@hotmail.com,https://avatars.githubusercontent.com/u/70092434,player,2024-10-25 19:24:46.721
eee59bfb-2269-47e6-8e59-a5c2738d1dc4,Nannie65,$2a$10$MfvbIn/788.ErI46fSj.wOxj5fkPXlyBd2rlGY0w9CUCB0C2eIq6y,Vida Keeling-Yost,Llewellyn.Wintheiser52@gmail.com,https://avatars.githubusercontent.com/u/81133582,admin,2024-10-25 19:24:46.721
6dda758d-49f2-494e-8a16-32fe32842189,Mathew_Boehm,$2a$10$MfvbIn/788.ErI46fSj.wOxj5fkPXlyBd2rlGY0w9CUCB0C2eIq6y,Billy Wolff,Nathaniel_Jenkins@yahoo.com,https://avatars.githubusercontent.com/u/12228716,admin,2024-10-25 19:24:46.721
bdd98cfb-680a-4684-aa39-ac91f55e71bb,Jedediah84,$2a$10$MfvbIn/788.ErI46fSj.wOxj5fkPXlyBd2rlGY0w9CUCB0C2eIq6y,Weldon Kulas,Elaina85@gmail.com,https://avatars.githubusercontent.com/u/76173667,admin,2024-10-25 19:24:46.721
09f30c37-b5fc-4de9-9e12-608654385b17,Aiden83,$2a$10$MfvbIn/788.ErI46fSj.wOxj5fkPXlyBd2rlGY0w9CUCB0C2eIq6y,Dimitri Franecki,Ana_Bergnaum@hotmail.com,https://avatars.githubusercontent.com/u/24785690,player,2024-10-25 19:24:46.722
be3ef669-b782-4c78-a071-ee0beb7467c0,Chris.Ullrich71,$2a$10$MfvbIn/788.ErI46fSj.wOxj5fkPXlyBd2rlGY0w9CUCB0C2eIq6y,Perry Schiller,Destiney14@gmail.com,https://avatars.githubusercontent.com/u/96009729,admin,2024-10-25 19:24:46.722
0354861c-13ec-4e48-be96-8db896aa1d72,Eldora71,$2a$10$MfvbIn/788.ErI46fSj.wOxj5fkPXlyBd2rlGY0w9CUCB0C2eIq6y,Sasha Jones,Priscilla81@yahoo.com,https://avatars.githubusercontent.com/u/24589789,player,2024-10-25 19:24:46.722
4ae93f9a-d9d3-4787-a3b5-687651fa3aab,Robb.Lueilwitz47,$2a$10$MfvbIn/788.ErI46fSj.wOxj5fkPXlyBd2rlGY0w9CUCB0C2eIq6y,Reynold McKenzie,Gordon.Hamill16@gmail.com,https://avatars.githubusercontent.com/u/66184279,admin,2024-10-25 19:24:46.722
4b98e203-d10f-4060-8442-16c97ccb6654,Kennedy_Douglas3,$2a$10$MfvbIn/788.ErI46fSj.wOxj5fkPXlyBd2rlGY0w9CUCB0C2eIq6y,Marvin Kessler,Jaeden_Feest@hotmail.com,https://avatars.githubusercontent.com/u/89356099,player,2024-10-25 19:24:46.722
38cbe861-a8dd-4caf-8b09-8c44bb27bda6,Rashad53,$2a$10$MfvbIn/788.ErI46fSj.wOxj5fkPXlyBd2rlGY0w9CUCB0C2eIq6y,Boyd Towne,Laisha.Bartoletti@yahoo.com,https://avatars.githubusercontent.com/u/40677660,player,2024-10-25 19:24:46.722
74f6e02d-fe2c-4a22-b983-c0e327345e7c,Jeramie64,$2a$10$MfvbIn/788.ErI46fSj.wOxj5fkPXlyBd2rlGY0w9CUCB0C2eIq6y,Maribel McKenzie-Fritsch,Eunice.Strosin@gmail.com,https://avatars.githubusercontent.com/u/2652917,player,2024-10-25 19:24:46.722
dd1b126e-8cb8-4ebe-8ffa-7f274fb34909,Vivien70,$2a$10$MfvbIn/788.ErI46fSj.wOxj5fkPXlyBd2rlGY0w9CUCB0C2eIq6y,Cydney Schmidt,Felicita_Schaden@gmail.com,https://avatars.githubusercontent.com/u/6845567,player,2024-10-25 19:24:46.722
8519609d-5328-43e5-845f-50a562a617d0,Guadalupe_Ledner,$2a$10$MfvbIn/788.ErI46fSj.wOxj5fkPXlyBd2rlGY0w9CUCB0C2eIq6y,Angelica Dach,Lavinia.Bartoletti84@yahoo.com,https://avatars.githubusercontent.com/u/71159203,admin,2024-10-25 19:24:46.722
479bac63-3ae8-4be2-bd3f-7dd40ddae1e8,Delores19,$2a$10$MfvbIn/788.ErI46fSj.wOxj5fkPXlyBd2rlGY0w9CUCB0C2eIq6y,Alexis McCullough,Kadin.Hintz@gmail.com,https://avatars.githubusercontent.com/u/28214084,admin,2024-10-25 19:24:46.722
2fafd8fe-9864-4fa7-b9c4-d5479502728b,Mathilde64,$2a$10$MfvbIn/788.ErI46fSj.wOxj5fkPXlyBd2rlGY0w9CUCB0C2eIq6y,Kelsie Walsh,Horacio.Rodriguez26@hotmail.com,https://avatars.githubusercontent.com/u/59603271,player,2024-10-25 19:24:46.722
9f97acc6-3054-496c-835c-d1680e14b328,Dolly_Lowe-Koss75,$2a$10$MfvbIn/788.ErI46fSj.wOxj5fkPXlyBd2rlGY0w9CUCB0C2eIq6y,Brittany Berge,Regan.Terry71@yahoo.com,https://avatars.githubusercontent.com/u/61144912,player,2024-10-25 19:24:46.722
85c3ef73-55ee-4a7a-9cfb-6f8fe6f10611,Lucinda34,$2a$10$MfvbIn/788.ErI46fSj.wOxj5fkPXlyBd2rlGY0w9CUCB0C2eIq6y,Miles Ratke,Tate.Thiel21@gmail.com,https://avatars.githubusercontent.com/u/44889947,admin,2024-10-25 19:24:46.722
42572bf5-9f90-4e8d-aafd-e9eb8acebc04,Betsy97,$2a$10$MfvbIn/788.ErI46fSj.wOxj5fkPXlyBd2rlGY0w9CUCB0C2eIq6y,Montana Mraz,Seth_Conn23@hotmail.com,https://avatars.githubusercontent.com/u/48067551,admin,2024-10-25 19:24:46.722
674877ce-dda4-4352-9a7d-79b791bfdba0,Cortney.Kessler,$2a$10$MfvbIn/788.ErI46fSj.wOxj5fkPXlyBd2rlGY0w9CUCB0C2eIq6y,Kennedi Schmitt,Jalon_Pollich@hotmail.com,https://avatars.githubusercontent.com/u/65214458,player,2024-10-25 19:24:46.722
7a3e3f5c-b02e-4f63-b759-bb7057670ced,Okey98,$2a$10$MfvbIn/788.ErI46fSj.wOxj5fkPXlyBd2rlGY0w9CUCB0C2eIq6y,Rita Jones,Jeanie49@hotmail.com,https://avatars.githubusercontent.com/u/21651234,admin,2024-10-25 19:24:46.722
64e40df0-c871-43a1-bd39-94cbe08f023f,Cleora35,$2a$10$MfvbIn/788.ErI46fSj.wOxj5fkPXlyBd2rlGY0w9CUCB0C2eIq6y,Arnold Stiedemann,Hester_Rau88@hotmail.com,https://avatars.githubusercontent.com/u/86759451,admin,2024-10-25 19:24:46.722
14806a00-dc6a-46b7-b20d-76cf3b517e1f,Annabel78,$2a$10$MfvbIn/788.ErI46fSj.wOxj5fkPXlyBd2rlGY0w9CUCB0C2eIq6y,Oceane Hermann,Pearlie_Koss@gmail.com,https://avatars.githubusercontent.com/u/47275264,admin,2024-10-25 19:24:46.722
26ffa7dc-678c-41cf-9827-765448921277,Brent.Rutherford,$2a$10$MfvbIn/788.ErI46fSj.wOxj5fkPXlyBd2rlGY0w9CUCB0C2eIq6y,Abraham Wolf,Kali.Littel76@gmail.com,https://avatars.githubusercontent.com/u/77528129,admin,2024-10-25 19:24:46.722
8ebba854-8f39-472f-b30a-b62857a75c81,Candace.Hudson,$2a$10$MfvbIn/788.ErI46fSj.wOxj5fkPXlyBd2rlGY0w9CUCB0C2eIq6y,Nannie Kessler,John_Botsford@yahoo.com,https://avatars.githubusercontent.com/u/38774987,player,2024-10-25 19:24:46.722
a6a16004-3943-43c3-a4e7-35988e97e373,Jessy23,$2a$10$MfvbIn/788.ErI46fSj.wOxj5fkPXlyBd2rlGY0w9CUCB0C2eIq6y,Earline Wyman,Antonina.Willms@hotmail.com,https://avatars.githubusercontent.com/u/94929340,player,2024-10-25 19:24:46.722
6e5ad691-d587-444c-96f3-36461f32be71,Reinhold11,$2a$10$MfvbIn/788.ErI46fSj.wOxj5fkPXlyBd2rlGY0w9CUCB0C2eIq6y,Marjolaine Turner,Otilia.Schiller71@gmail.com,https://avatars.githubusercontent.com/u/14429850,admin,2024-10-25 19:24:46.722
c367383f-d41b-4879-9532-c4ab2359e286,Isaac51,$2a$10$MfvbIn/788.ErI46fSj.wOxj5fkPXlyBd2rlGY0w9CUCB0C2eIq6y,Gerardo Herzog,Lori41@yahoo.com,https://avatars.githubusercontent.com/u/24660672,player,2024-10-25 19:24:46.722
5c743cd0-aa84-4e76-95c1-0ea29e6f5e29,Ashlynn79,$2a$10$MfvbIn/788.ErI46fSj.wOxj5fkPXlyBd2rlGY0w9CUCB0C2eIq6y,Justus Mosciski,Gayle94@gmail.com,https://avatars.githubusercontent.com/u/86595324,player,2024-10-25 19:24:46.722
edc7c445-26f6-47f3-88ad-95a93ae2e2b1,Remington.Prohaska22,$2a$10$MfvbIn/788.ErI46fSj.wOxj5fkPXlyBd2rlGY0w9CUCB0C2eIq6y,Kian McClure,Bernard_Greenholt@gmail.com,https://avatars.githubusercontent.com/u/55772911,player,2024-10-25 19:24:46.722
43175de3-1b1d-45b1-a5aa-c4a6eac16fc8,Marguerite_Rippin24,$2a$10$MfvbIn/788.ErI46fSj.wOxj5fkPXlyBd2rlGY0w9CUCB0C2eIq6y,Yasmin Kertzmann,Tremaine.Weissnat@yahoo.com,https://avatars.githubusercontent.com/u/26072677,player,2024-10-25 19:24:46.722
fcf500ce-8fd0-4b56-b337-f10e525007d1,Jalyn.Schaden35,$2a$10$MfvbIn/788.ErI46fSj.wOxj5fkPXlyBd2rlGY0w9CUCB0C2eIq6y,Sallie Kuphal,Demarcus_Prohaska@gmail.com,https://avatars.githubusercontent.com/u/58655267,admin,2024-10-25 19:24:46.722
8dd4da49-54ac-4ceb-85a5-2ef097ebb02b,Kamron51,$2a$10$MfvbIn/788.ErI46fSj.wOxj5fkPXlyBd2rlGY0w9CUCB0C2eIq6y,Felix Hudson,Ransom32@gmail.com,https://avatars.githubusercontent.com/u/3351164,admin,2024-10-25 19:24:46.722
4209d456-8b00-49f6-b4a6-6b3b47e884c5,Evert86,$2a$10$MfvbIn/788.ErI46fSj.wOxj5fkPXlyBd2rlGY0w9CUCB0C2eIq6y,Roel Lubowitz,Carole50@hotmail.com,https://avatars.githubusercontent.com/u/2314429,player,2024-10-25 19:24:46.722
18ab1688-bf95-4c2f-9f79-8bafe9aa6049,Amely_Wisoky,$2a$10$MfvbIn/788.ErI46fSj.wOxj5fkPXlyBd2rlGY0w9CUCB0C2eIq6y,Ari Anderson,Kenton.Schamberger@yahoo.com,https://avatars.githubusercontent.com/u/73638276,player,2024-10-25 19:24:46.722
1589f30e-0d36-4541-a6a4-5f8b643b7bec,Dolly_Ryan12,$2a$10$MfvbIn/788.ErI46fSj.wOxj5fkPXlyBd2rlGY0w9CUCB0C2eIq6y,Jalon Grant,Tavares.Berge69@yahoo.com,https://avatars.githubusercontent.com/u/84928052,admin,2024-10-25 19:24:46.722
a5b60a3b-e47b-4304-b9fa-104434356e08,Elmo_Considine,$2a$10$MfvbIn/788.ErI46fSj.wOxj5fkPXlyBd2rlGY0w9CUCB0C2eIq6y,Astrid Renner-Braun,Misty_Anderson@yahoo.com,https://avatars.githubusercontent.com/u/76732190,player,2024-10-25 19:24:46.722
6efe8a38-998e-44d0-b7cb-28a530db0b76,Anais9,$2a$10$MfvbIn/788.ErI46fSj.wOxj5fkPXlyBd2rlGY0w9CUCB0C2eIq6y,Camylle Collier,Alvera.Tremblay48@gmail.com,https://avatars.githubusercontent.com/u/14815203,admin,2024-10-25 19:24:46.722
69263d58-0755-44a1-bacc-b81d0dec34e8,Devonte_Dietrich,$2a$10$MfvbIn/788.ErI46fSj.wOxj5fkPXlyBd2rlGY0w9CUCB0C2eIq6y,Madie Windler,Mozell_McLaughlin@gmail.com,https://avatars.githubusercontent.com/u/89603159,admin,2024-10-25 19:24:46.722
bca17d9b-ca4f-434f-9ced-0e84c58efb5f,Thad.Nienow,$2a$10$MfvbIn/788.ErI46fSj.wOxj5fkPXlyBd2rlGY0w9CUCB0C2eIq6y,Yolanda Runolfsdottir,Crawford.Goyette13@hotmail.com,https://avatars.githubusercontent.com/u/5903361,player,2024-10-25 19:24:46.722
18bc5e52-bc58-490a-aeff-302e8c12a701,Filomena91,$2a$10$MfvbIn/788.ErI46fSj.wOxj5fkPXlyBd2rlGY0w9CUCB0C2eIq6y,Cyril O'Hara,Jaylon_Boyer@gmail.com,https://avatars.githubusercontent.com/u/41269937,player,2024-10-25 19:24:46.722
06af1dd4-6c49-4e5e-9bfd-df9d88a3ed29,Eveline_Rohan,$2a$10$MfvbIn/788.ErI46fSj.wOxj5fkPXlyBd2rlGY0w9CUCB0C2eIq6y,Emery Wisoky,Marcella.Harvey10@gmail.com,https://avatars.githubusercontent.com/u/13542125,admin,2024-10-25 19:24:46.722
64680e05-0004-4649-9864-0a779e5494dd,Claud_Haley38,$2a$10$MfvbIn/788.ErI46fSj.wOxj5fkPXlyBd2rlGY0w9CUCB0C2eIq6y,Kellen Blick,Aron.Bashirian@gmail.com,https://avatars.githubusercontent.com/u/1160132,player,2024-10-25 19:24:46.722
73cddbdb-d26b-4516-b9a0-330630023d85,Madelynn.Robel67,$2a$10$MfvbIn/788.ErI46fSj.wOxj5fkPXlyBd2rlGY0w9CUCB0C2eIq6y,Aida Considine,Cordie90@hotmail.com,https://avatars.githubusercontent.com/u/22728497,player,2024-10-25 19:24:46.722
4560279c-e8d4-4f09-b326-1c2f1769398e,Jamil_Wisozk,$2a$10$MfvbIn/788.ErI46fSj.wOxj5fkPXlyBd2rlGY0w9CUCB0C2eIq6y,Cleve Kovacek,Lavinia67@hotmail.com,https://avatars.githubusercontent.com/u/35338468,admin,2024-10-25 19:24:46.723
e41a9ddd-25e1-4357-8a9a-8677c854d9a9,Rebekah_Leuschke,$2a$10$MfvbIn/788.ErI46fSj.wOxj5fkPXlyBd2rlGY0w9CUCB0C2eIq6y,Cordia Boehm,Merlin.Rempel@hotmail.com,https://avatars.githubusercontent.com/u/68382599,admin,2024-10-25 19:24:46.723
c563be7d-ebf9-46e2-b228-93a23d3cb1c7,Ophelia53,$2a$10$MfvbIn/788.ErI46fSj.wOxj5fkPXlyBd2rlGY0w9CUCB0C2eIq6y,Janis Pfeffer,Breana.Emard70@gmail.com,https://avatars.githubusercontent.com/u/67073190,admin,2024-10-25 19:24:46.723
efebb3b3-71d1-4a32-b435-4633bdb5606b,Garth_Fisher,$2a$10$MfvbIn/788.ErI46fSj.wOxj5fkPXlyBd2rlGY0w9CUCB0C2eIq6y,Jammie Nader-Sauer,Jose.Gorczany4@gmail.com,https://avatars.githubusercontent.com/u/89886075,player,2024-10-25 19:24:46.723
9b2c7f5f-7445-401f-aaa8-7fd3bc46f506,Lee_Sawayn,$2a$10$MfvbIn/788.ErI46fSj.wOxj5fkPXlyBd2rlGY0w9CUCB0C2eIq6y,Kaia Lueilwitz,Deon_Boehm@yahoo.com,https://avatars.githubusercontent.com/u/2679723,player,2024-10-25 19:24:46.723
0d5bea0a-59e8-44fb-90a3-f2ba987cb13a,Willy_Waelchi,$2a$10$MfvbIn/788.ErI46fSj.wOxj5fkPXlyBd2rlGY0w9CUCB0C2eIq6y,Evelyn Breitenberg,Ila.Schamberger@hotmail.com,https://avatars.githubusercontent.com/u/57129542,player,2024-10-25 19:24:46.723
c8dfa682-3bd1-4120-bbc6-f7b912195036,Lurline_Smith46,$2a$10$MfvbIn/788.ErI46fSj.wOxj5fkPXlyBd2rlGY0w9CUCB0C2eIq6y,Melyna Cormier,Jamarcus_Runte@gmail.com,https://avatars.githubusercontent.com/u/54130974,player,2024-10-25 19:24:46.723
dccc19d5-8e97-4513-9336-f1ec4c49af18,Ottilie16,$2a$10$MfvbIn/788.ErI46fSj.wOxj5fkPXlyBd2rlGY0w9CUCB0C2eIq6y,Laurianne Sporer,Edna.Will3@hotmail.com,https://avatars.githubusercontent.com/u/57201625,admin,2024-10-25 19:24:46.723
ff84fa47-c7c7-444b-9a63-7972cdd2f6c8,Lempi83,$2a$10$MfvbIn/788.ErI46fSj.wOxj5fkPXlyBd2rlGY0w9CUCB0C2eIq6y,Cristina Stracke,Cyril99@gmail.com,https://avatars.githubusercontent.com/u/5899433,player,2024-10-25 19:24:46.723
570226be-262e-458c-a254-8dff833871a5,Esteban92,$2a$10$MfvbIn/788.ErI46fSj.wOxj5fkPXlyBd2rlGY0w9CUCB0C2eIq6y,Grace Schumm,Aylin_Hand@hotmail.com,https://avatars.githubusercontent.com/u/38307438,player,2024-10-25 19:24:46.723
483e53a7-878e-4971-ac14-4c3928e1b706,Annamae38,$2a$10$MfvbIn/788.ErI46fSj.wOxj5fkPXlyBd2rlGY0w9CUCB0C2eIq6y,Carlie Green,Sabrina43@hotmail.com,https://avatars.githubusercontent.com/u/41372694,admin,2024-10-25 19:24:46.723
f2b2d217-0ded-459b-abb0-1688f51f21a0,Horace_Bashirian,$2a$10$MfvbIn/788.ErI46fSj.wOxj5fkPXlyBd2rlGY0w9CUCB0C2eIq6y,Cruz Brakus,Yoshiko91@yahoo.com,https://avatars.githubusercontent.com/u/66099551,admin,2024-10-25 19:24:46.723
77c94b7a-ff63-4725-9e73-b99a5dce777a,Kamille31,$2a$10$MfvbIn/788.ErI46fSj.wOxj5fkPXlyBd2rlGY0w9CUCB0C2eIq6y,Elijah Kovacek,Rosendo99@hotmail.com,https://avatars.githubusercontent.com/u/41474399,player,2024-10-25 19:24:46.723
922e1edd-677b-44fc-a906-809dbf9b0153,Danny_Corkery,$2a$10$MfvbIn/788.ErI46fSj.wOxj5fkPXlyBd2rlGY0w9CUCB0C2eIq6y,Gunnar Cruickshank,Liliana_Bartoletti@yahoo.com,https://avatars.githubusercontent.com/u/37934360,player,2024-10-25 19:24:46.723
ec06d9ee-6b34-4178-8794-166ec04a2038,Reymundo.Haag,$2a$10$MfvbIn/788.ErI46fSj.wOxj5fkPXlyBd2rlGY0w9CUCB0C2eIq6y,Alexandro Heller,Citlalli_Hayes97@gmail.com,https://avatars.githubusercontent.com/u/91971167,player,2024-10-25 19:24:46.723
2bf5eca6-8ade-47cb-b741-deeb37f9a0be,Nakia.Parisian,$2a$10$MfvbIn/788.ErI46fSj.wOxj5fkPXlyBd2rlGY0w9CUCB0C2eIq6y,Virgie Ryan,Carlos_Goodwin@gmail.com,https://avatars.githubusercontent.com/u/40378026,player,2024-10-25 19:24:46.723
eab55eb3-1a3b-4f70-b601-387eebf285f1,Dock.Frami,$2a$10$MfvbIn/788.ErI46fSj.wOxj5fkPXlyBd2rlGY0w9CUCB0C2eIq6y,Dayna Deckow,Jason.Armstrong86@hotmail.com,https://avatars.githubusercontent.com/u/70215080,player,2024-10-25 19:24:46.723
3cf9e74a-05f7-49cc-b47d-8adb2697f8b0,Cortez86,$2a$10$MfvbIn/788.ErI46fSj.wOxj5fkPXlyBd2rlGY0w9CUCB0C2eIq6y,Titus Bogan,Gianni_Vandervort@yahoo.com,https://avatars.githubusercontent.com/u/35273738,admin,2024-10-25 19:24:46.723
7ec7860a-977b-4abf-989e-a076077e7f93,Sherwood_Kuhn-Nolan,$2a$10$MfvbIn/788.ErI46fSj.wOxj5fkPXlyBd2rlGY0w9CUCB0C2eIq6y,Misael Brown,Marianna_Mueller39@hotmail.com,https://avatars.githubusercontent.com/u/17688836,player,2024-10-25 19:24:46.723
b267bc61-bcb5-4682-bbb9-788fa1f6ac1a,Rogers.Dietrich,$2a$10$MfvbIn/788.ErI46fSj.wOxj5fkPXlyBd2rlGY0w9CUCB0C2eIq6y,Lou Balistreri,Lowell_Abernathy@gmail.com,https://avatars.githubusercontent.com/u/58363577,player,2024-10-25 19:24:46.723
9c83074d-47a4-4fa1-b2f8-fcba57302040,Rhiannon.Fadel,$2a$10$MfvbIn/788.ErI46fSj.wOxj5fkPXlyBd2rlGY0w9CUCB0C2eIq6y,Rogers Jones,Keagan42@gmail.com,https://avatars.githubusercontent.com/u/28368341,player,2024-10-25 19:24:46.723
8580882a-1126-4fd4-a52b-bf31f8b590c0,Hershel_Reynolds,$2a$10$MfvbIn/788.ErI46fSj.wOxj5fkPXlyBd2rlGY0w9CUCB0C2eIq6y,Margot Homenick,Giovani_Nolan@hotmail.com,https://avatars.githubusercontent.com/u/65825124,player,2024-10-25 19:24:46.723
4d1b004a-47b5-45ef-a7c5-a1db757def7f,Narciso66,$2a$10$MfvbIn/788.ErI46fSj.wOxj5fkPXlyBd2rlGY0w9CUCB0C2eIq6y,Rex Parker,Tre9@gmail.com,https://avatars.githubusercontent.com/u/22517778,admin,2024-10-25 19:24:46.723
ab4b25cd-d93e-4704-a586-234a5f8cc7b3,Colton.Grant68,$2a$10$MfvbIn/788.ErI46fSj.wOxj5fkPXlyBd2rlGY0w9CUCB0C2eIq6y,Joyce Pouros,Ova_Stark@yahoo.com,https://avatars.githubusercontent.com/u/74505463,player,2024-10-25 19:24:46.723
803987b3-db5e-49ba-8945-6d9b93f9d2d7,Dolores69,$2a$10$MfvbIn/788.ErI46fSj.wOxj5fkPXlyBd2rlGY0w9CUCB0C2eIq6y,Florencio Koelpin,Titus7@hotmail.com,https://avatars.githubusercontent.com/u/43736287,admin,2024-10-25 19:24:46.723
0c53e051-bdfe-4403-98a3-7731e6ac735c,Vernon_Johnston0,$2a$10$MfvbIn/788.ErI46fSj.wOxj5fkPXlyBd2rlGY0w9CUCB0C2eIq6y,Ernest Botsford,Lesley78@hotmail.com,https://avatars.githubusercontent.com/u/96252887,player,2024-10-25 19:24:46.723
946787d7-544f-41c2-809b-c90f72d0d357,Jonathon_Koelpin7,$2a$10$MfvbIn/788.ErI46fSj.wOxj5fkPXlyBd2rlGY0w9CUCB0C2eIq6y,Albertha Dare,Jackson2@hotmail.com,https://avatars.githubusercontent.com/u/95695346,player,2024-10-25 19:24:46.723
8f48a1ae-7365-40be-96a3-a8a416057e7d,Berry.Abshire67,$2a$10$MfvbIn/788.ErI46fSj.wOxj5fkPXlyBd2rlGY0w9CUCB0C2eIq6y,Carson Upton,Brice65@hotmail.com,https://avatars.githubusercontent.com/u/56293035,player,2024-10-25 19:24:46.723
20135411-1016-43fe-8c01-f099c54faa25,Marian_Little98,$2a$10$MfvbIn/788.ErI46fSj.wOxj5fkPXlyBd2rlGY0w9CUCB0C2eIq6y,Laurence Feeney,Dameon_Beatty@gmail.com,https://avatars.githubusercontent.com/u/40264442,admin,2024-10-25 19:24:46.723
e77b417b-7087-46dc-b910-805de9add8f0,Leone50,$2a$10$MfvbIn/788.ErI46fSj.wOxj5fkPXlyBd2rlGY0w9CUCB0C2eIq6y,Ron Gislason,Meagan10@yahoo.com,https://avatars.githubusercontent.com/u/85738324,player,2024-10-25 19:24:46.723
0b19f8c8-ef77-4bf3-a880-4a3e6693f0d4,Lewis.Will26,$2a$10$MfvbIn/788.ErI46fSj.wOxj5fkPXlyBd2rlGY0w9CUCB0C2eIq6y,Cali Nitzsche,Margot_Kling98@yahoo.com,https://avatars.githubusercontent.com/u/35824650,admin,2024-10-25 19:24:46.723
2848b987-6895-406d-b9f9-49c691cbe6cf,Alta87,$2a$10$MfvbIn/788.ErI46fSj.wOxj5fkPXlyBd2rlGY0w9CUCB0C2eIq6y,Donnell Leuschke,Ashleigh.Heathcote@yahoo.com,https://avatars.githubusercontent.com/u/74528920,player,2024-10-25 19:24:46.723
9b753e37-dd97-4fff-a15b-faff67efeb41,Rhianna.Mueller,$2a$10$MfvbIn/788.ErI46fSj.wOxj5fkPXlyBd2rlGY0w9CUCB0C2eIq6y,Mac Legros,Aimee43@hotmail.com,https://avatars.githubusercontent.com/u/3457541,player,2024-10-25 19:24:46.723
7d529386-f3bf-42ab-91d3-31920407004f,Vincenza.Dare1,$2a$10$MfvbIn/788.ErI46fSj.wOxj5fkPXlyBd2rlGY0w9CUCB0C2eIq6y,Wade Leannon,Reynold2@hotmail.com,https://avatars.githubusercontent.com/u/30619752,admin,2024-10-25 19:24:46.723
f7f6a3d2-34f3-4a63-8a30-c1fc0b35088b,Gracie_Haag20,$2a$10$MfvbIn/788.ErI46fSj.wOxj5fkPXlyBd2rlGY0w9CUCB0C2eIq6y,Dorian Champlin,Kevon.Shanahan76@hotmail.com,https://avatars.githubusercontent.com/u/98903664,player,2024-10-25 19:24:46.723
f8c820ed-d864-49f1-a72e-76373319ae4b,Sandy.Grant99,$2a$10$MfvbIn/788.ErI46fSj.wOxj5fkPXlyBd2rlGY0w9CUCB0C2eIq6y,Carole Brown,Kristopher94@gmail.com,https://avatars.githubusercontent.com/u/77705839,admin,2024-10-25 19:24:46.723
3dd1f93f-e456-4bb4-b9ff-d59fd30e86d8,Chelsea.Lueilwitz,$2a$10$MfvbIn/788.ErI46fSj.wOxj5fkPXlyBd2rlGY0w9CUCB0C2eIq6y,Dale Strosin,Margarete_Reynolds@yahoo.com,https://avatars.githubusercontent.com/u/28849732,player,2024-10-25 19:24:46.723
54d8ea87-7bfe-4c45-a231-c0c57b13e0ef,Robyn.Casper-Klocko,$2a$10$MfvbIn/788.ErI46fSj.wOxj5fkPXlyBd2rlGY0w9CUCB0C2eIq6y,Tracey Kling,Tre_Grimes9@yahoo.com,https://avatars.githubusercontent.com/u/53061960,player,2024-10-25 19:24:46.723
8f5ab6cc-693e-418a-b727-c9da819d93fa,Axel_Connelly-Mills99,$2a$10$MfvbIn/788.ErI46fSj.wOxj5fkPXlyBd2rlGY0w9CUCB0C2eIq6y,Jade Schuster,Leila50@hotmail.com,https://avatars.githubusercontent.com/u/82743774,admin,2024-10-25 19:24:46.724
1e5c511e-a7ad-4eea-9736-25a887a0fd15,Gussie_Murphy71,$2a$10$MfvbIn/788.ErI46fSj.wOxj5fkPXlyBd2rlGY0w9CUCB0C2eIq6y,Mireille Lynch,Chad_Abshire66@hotmail.com,https://avatars.githubusercontent.com/u/10707185,player,2024-10-25 19:24:46.724
320dcdd6-d016-4be6-bd59-ef2e2cbf6517,Libby_Von,$2a$10$MfvbIn/788.ErI46fSj.wOxj5fkPXlyBd2rlGY0w9CUCB0C2eIq6y,Solon Deckow,Tyson_Koelpin@yahoo.com,https://avatars.githubusercontent.com/u/64761453,player,2024-10-25 19:24:46.724
3824b93e-742d-49ba-bafd-6001257f0601,Ryan90,$2a$10$MfvbIn/788.ErI46fSj.wOxj5fkPXlyBd2rlGY0w9CUCB0C2eIq6y,Tyree Anderson,Abigale.Ratke29@hotmail.com,https://avatars.githubusercontent.com/u/30035863,player,2024-10-25 19:24:46.724
2e8daa77-82dc-4fa6-87d0-be316484c162,Madilyn_Stark35,$2a$10$MfvbIn/788.ErI46fSj.wOxj5fkPXlyBd2rlGY0w9CUCB0C2eIq6y,Kendrick Abernathy,Eryn.Wisoky@yahoo.com,https://avatars.githubusercontent.com/u/74621080,admin,2024-10-25 19:24:46.724
89a5496e-a535-452e-9462-ff4829906f3f,Henderson_Bashirian28,$2a$10$MfvbIn/788.ErI46fSj.wOxj5fkPXlyBd2rlGY0w9CUCB0C2eIq6y,Alberta Mante,Janet8@hotmail.com,https://avatars.githubusercontent.com/u/97372247,admin,2024-10-25 19:24:46.724
6c2b240b-12fc-43e4-a154-d7843625f073,Addie.DAmore,$2a$10$MfvbIn/788.ErI46fSj.wOxj5fkPXlyBd2rlGY0w9CUCB0C2eIq6y,Lenora Will,Korbin27@yahoo.com,https://avatars.githubusercontent.com/u/21341181,player,2024-10-25 19:24:46.724
f83eea2e-6739-4800-8761-3dc20ba501be,Sean_Kshlerin,$2a$10$MfvbIn/788.ErI46fSj.wOxj5fkPXlyBd2rlGY0w9CUCB0C2eIq6y,Ophelia Keeling,Karelle80@gmail.com,https://avatars.githubusercontent.com/u/49856927,player,2024-10-25 19:24:46.724
93651967-0f7a-45ff-8e53-94aeddca0cc0,Marcel_Steuber92,$2a$10$MfvbIn/788.ErI46fSj.wOxj5fkPXlyBd2rlGY0w9CUCB0C2eIq6y,Nelda Roob,Alford_Daugherty@yahoo.com,https://avatars.githubusercontent.com/u/64403243,player,2024-10-25 19:24:46.724
7b1fff52-810d-4c88-9139-5106536142c4,Alaina74,$2a$10$MfvbIn/788.ErI46fSj.wOxj5fkPXlyBd2rlGY0w9CUCB0C2eIq6y,Declan Hoeger,Emmy_Buckridge@hotmail.com,https://avatars.githubusercontent.com/u/15820921,player,2024-10-25 19:24:46.724
471b4048-8d49-445c-9ded-b04c4b2abdb6,Al48,$2a$10$MfvbIn/788.ErI46fSj.wOxj5fkPXlyBd2rlGY0w9CUCB0C2eIq6y,Hailey Terry,Berniece_Wyman@yahoo.com,https://avatars.githubusercontent.com/u/44151254,player,2024-10-25 19:24:46.724
52df4395-7313-4fc2-82e7-d87af39ef487,Jamarcus.Franecki,$2a$10$MfvbIn/788.ErI46fSj.wOxj5fkPXlyBd2rlGY0w9CUCB0C2eIq6y,Rhett Romaguera,Kyleigh_Trantow@hotmail.com,https://avatars.githubusercontent.com/u/24139875,admin,2024-10-25 19:24:46.724
b4566745-ca76-4093-a93a-2112a9bebfe2,Germaine34,$2a$10$MfvbIn/788.ErI46fSj.wOxj5fkPXlyBd2rlGY0w9CUCB0C2eIq6y,Rex Fahey,Curt_Terry6@gmail.com,https://avatars.githubusercontent.com/u/10123298,admin,2024-10-25 19:24:46.724
34c28ff3-3e54-40dc-837b-6d80fb138a5d,Brendan_Littel,$2a$10$MfvbIn/788.ErI46fSj.wOxj5fkPXlyBd2rlGY0w9CUCB0C2eIq6y,Aliza Lemke,Elfrieda.Buckridge@hotmail.com,https://avatars.githubusercontent.com/u/4064476,admin,2024-10-25 19:24:46.724
71e9acec-b2af-4aa8-a2a3-815ba4467963,Nettie_Gibson,$2a$10$MfvbIn/788.ErI46fSj.wOxj5fkPXlyBd2rlGY0w9CUCB0C2eIq6y,Bobby Mitchell-Turcotte,Lloyd.Reilly63@hotmail.com,https://avatars.githubusercontent.com/u/33828838,admin,2024-10-25 19:24:46.724
dc4cf926-a1c8-45fe-99c4-11f6c06c7a8f,Bailee.Flatley12,$2a$10$MfvbIn/788.ErI46fSj.wOxj5fkPXlyBd2rlGY0w9CUCB0C2eIq6y,Breanna Reichel,Grady_Lesch@hotmail.com,https://avatars.githubusercontent.com/u/81469112,admin,2024-10-25 19:24:46.724
b0a1aa11-3f0c-42e8-8a5f-f5dd3ab323fa,Jeanne_Padberg,$2a$10$MfvbIn/788.ErI46fSj.wOxj5fkPXlyBd2rlGY0w9CUCB0C2eIq6y,Beulah Lemke,Karine50@gmail.com,https://avatars.githubusercontent.com/u/71210711,admin,2024-10-25 19:24:46.724
d91f9959-fe6b-4358-b44f-3629ed96d083,Jordi_Wiegand,$2a$10$MfvbIn/788.ErI46fSj.wOxj5fkPXlyBd2rlGY0w9CUCB0C2eIq6y,Sherwood Legros,Gail_Pollich64@gmail.com,https://avatars.githubusercontent.com/u/56982395,admin,2024-10-25 19:24:46.724
d325c308-0461-4b74-bb9d-c4e23bdae4df,Angeline.Walker81,$2a$10$MfvbIn/788.ErI46fSj.wOxj5fkPXlyBd2rlGY0w9CUCB0C2eIq6y,Dedric Cartwright-West,Brittany_Collins5@hotmail.com,https://avatars.githubusercontent.com/u/58253606,player,2024-10-25 19:24:46.724
1ac4bef5-a090-4230-b53a-57b64b1044c4,Madison.Armstrong,$2a$10$MfvbIn/788.ErI46fSj.wOxj5fkPXlyBd2rlGY0w9CUCB0C2eIq6y,Rashawn Kling-Okuneva,Fleta75@yahoo.com,https://avatars.githubusercontent.com/u/83359889,admin,2024-10-25 19:24:46.724
90f1597a-0649-4af2-85e8-a78db7ea1607,Theo0,$2a$10$MfvbIn/788.ErI46fSj.wOxj5fkPXlyBd2rlGY0w9CUCB0C2eIq6y,Keegan Stark,Opal54@gmail.com,https://avatars.githubusercontent.com/u/85018589,admin,2024-10-25 19:24:46.724
ad09f97a-dae1-433b-9b7c-85eb8349f196,Kassandra51,$2a$10$MfvbIn/788.ErI46fSj.wOxj5fkPXlyBd2rlGY0w9CUCB0C2eIq6y,Pink Hermann,Jody81@gmail.com,https://avatars.githubusercontent.com/u/76096888,admin,2024-10-25 19:24:46.724
c5ec38ac-4d3f-46ee-94c5-987efaeced4c,Filiberto.Weimann,$2a$10$MfvbIn/788.ErI46fSj.wOxj5fkPXlyBd2rlGY0w9CUCB0C2eIq6y,Henry Morissette,Nigel_Hegmann@hotmail.com,https://avatars.githubusercontent.com/u/62156383,player,2024-10-25 19:24:46.724
d79b0d01-cb44-4a16-8b51-8aade559af5b,Berenice_Simonis,$2a$10$MfvbIn/788.ErI46fSj.wOxj5fkPXlyBd2rlGY0w9CUCB0C2eIq6y,Jackeline Mitchell-Waters,Shyanne80@hotmail.com,https://avatars.githubusercontent.com/u/14664492,admin,2024-10-25 19:24:46.724
1a87efa3-75a4-4b6c-aa3a-1f3a62b64755,Miguel.Schaefer86,$2a$10$MfvbIn/788.ErI46fSj.wOxj5fkPXlyBd2rlGY0w9CUCB0C2eIq6y,Alexane Swaniawski,Erica_Strosin@yahoo.com,https://avatars.githubusercontent.com/u/24044679,player,2024-10-25 19:24:46.724
45761675-c558-4d63-bb37-023299569782,Elizabeth16,$2a$10$MfvbIn/788.ErI46fSj.wOxj5fkPXlyBd2rlGY0w9CUCB0C2eIq6y,Delaney Lynch-Carter,Emil.Rohan@hotmail.com,https://avatars.githubusercontent.com/u/44314227,admin,2024-10-25 19:24:46.724
0c386651-e3e2-459a-b1ab-f2c07722470a,Axel81,$2a$10$MfvbIn/788.ErI46fSj.wOxj5fkPXlyBd2rlGY0w9CUCB0C2eIq6y,Jalen Murphy,Marjory.Wehner61@yahoo.com,https://avatars.githubusercontent.com/u/22175463,admin,2024-10-25 19:24:46.724
404c0402-5759-440f-b67d-981e5bf68b14,Myrtle74,$2a$10$MfvbIn/788.ErI46fSj.wOxj5fkPXlyBd2rlGY0w9CUCB0C2eIq6y,Mariano Schinner,Nico.Leffler92@hotmail.com,https://avatars.githubusercontent.com/u/79818409,admin,2024-10-25 19:24:46.724
60627d59-9f39-46ae-a96a-61630be4a02b,Cyrus9,$2a$10$MfvbIn/788.ErI46fSj.wOxj5fkPXlyBd2rlGY0w9CUCB0C2eIq6y,Ena Rempel,Glenna.Skiles-Keeling@hotmail.com,https://avatars.githubusercontent.com/u/73934582,player,2024-10-25 19:24:46.724
e39addfd-385f-4e8e-b214-f3b8056c8222,Sally41,$2a$10$MfvbIn/788.ErI46fSj.wOxj5fkPXlyBd2rlGY0w9CUCB0C2eIq6y,Karli Hudson,Jacynthe_Herzog@gmail.com,https://avatars.githubusercontent.com/u/86743768,admin,2024-10-25 19:24:46.724
57b80609-7fbc-41cf-92e8-617e3ff9a30b,Gilda95,$2a$10$MfvbIn/788.ErI46fSj.wOxj5fkPXlyBd2rlGY0w9CUCB0C2eIq6y,Paolo Bergstrom,Austyn93@hotmail.com,https://avatars.githubusercontent.com/u/31097479,admin,2024-10-25 19:24:46.724
528a5664-b24a-4187-8bbe-5234ae222bd1,Moriah.Veum36,$2a$10$MfvbIn/788.ErI46fSj.wOxj5fkPXlyBd2rlGY0w9CUCB0C2eIq6y,Otis Mueller,Margarita_Kihn@hotmail.com,https://avatars.githubusercontent.com/u/81163106,admin,2024-10-25 19:24:46.724
6b8bfd0c-4992-47f3-bec7-5609b613e2fc,Loma_Boyer,$2a$10$MfvbIn/788.ErI46fSj.wOxj5fkPXlyBd2rlGY0w9CUCB0C2eIq6y,Adele Klocko,Arnoldo3@yahoo.com,https://avatars.githubusercontent.com/u/17319937,player,2024-10-25 19:24:46.724
d7136448-85b3-46f8-bfc1-739ce3de2241,Noe73,$2a$10$MfvbIn/788.ErI46fSj.wOxj5fkPXlyBd2rlGY0w9CUCB0C2eIq6y,Charlie Sipes,Cornelius_Cummings20@gmail.com,https://avatars.githubusercontent.com/u/61164855,player,2024-10-25 19:24:46.724
65e1b6d5-2345-471e-9779-7fa5d6e1fe4f,Leslie76,$2a$10$MfvbIn/788.ErI46fSj.wOxj5fkPXlyBd2rlGY0w9CUCB0C2eIq6y,Itzel Runolfsdottir,Billy.Sanford67@gmail.com,https://avatars.githubusercontent.com/u/44040800,player,2024-10-25 19:24:46.725
a12d2f63-ee89-47f1-bef7-fc5bb72e2664,Holden_Funk,$2a$10$MfvbIn/788.ErI46fSj.wOxj5fkPXlyBd2rlGY0w9CUCB0C2eIq6y,Bailey McCullough,Emilia83@hotmail.com,https://avatars.githubusercontent.com/u/78921233,player,2024-10-25 19:24:46.725
23c30afc-6a35-4631-9ee0-c19fbd64d75a,Romaine15,$2a$10$MfvbIn/788.ErI46fSj.wOxj5fkPXlyBd2rlGY0w9CUCB0C2eIq6y,Barrett Wuckert,Mabel_Wolff77@yahoo.com,https://avatars.githubusercontent.com/u/10053527,player,2024-10-25 19:24:46.725
7751eb00-9346-4bee-a200-dff23d2cb773,Selina39,$2a$10$MfvbIn/788.ErI46fSj.wOxj5fkPXlyBd2rlGY0w9CUCB0C2eIq6y,Cecilia Skiles,Efren60@yahoo.com,https://avatars.githubusercontent.com/u/34743054,player,2024-10-25 19:24:46.725
10f5441a-c34b-4226-bd6d-a85fce12d0d8,Kamryn.Adams,$2a$10$MfvbIn/788.ErI46fSj.wOxj5fkPXlyBd2rlGY0w9CUCB0C2eIq6y,Eloy Donnelly,Carmelo_Leannon@yahoo.com,https://avatars.githubusercontent.com/u/9156356,admin,2024-10-25 19:24:46.725
12543122-a16f-465c-b174-7dc44a3cf18d,Kyleigh_Johnston,$2a$10$MfvbIn/788.ErI46fSj.wOxj5fkPXlyBd2rlGY0w9CUCB0C2eIq6y,Boyd Lockman,Ruthie.Jacobson-Ferry37@yahoo.com,https://avatars.githubusercontent.com/u/96012486,admin,2024-10-25 19:24:46.725
146f19ed-a291-4def-83ed-6e858e4f21a9,Paxton_Lockman,$2a$10$MfvbIn/788.ErI46fSj.wOxj5fkPXlyBd2rlGY0w9CUCB0C2eIq6y,Virgil Dickinson,Geraldine.Cartwright@yahoo.com,https://avatars.githubusercontent.com/u/8583912,admin,2024-10-25 19:24:46.726
390f3102-2af5-49cf-9beb-a8218255c401,Savanah11,$2a$10$MfvbIn/788.ErI46fSj.wOxj5fkPXlyBd2rlGY0w9CUCB0C2eIq6y,Gunner Turner,Abby_Reynolds88@hotmail.com,https://avatars.githubusercontent.com/u/41391313,player,2024-10-25 19:24:46.726
18ed571e-fdbf-403b-be0e-c1c46e83e896,Christy4,$2a$10$MfvbIn/788.ErI46fSj.wOxj5fkPXlyBd2rlGY0w9CUCB0C2eIq6y,Juliana Ferry,Nasir.Treutel11@gmail.com,https://avatars.githubusercontent.com/u/34512186,admin,2024-10-25 19:24:46.726
9314901f-7b73-44fb-8ba2-fadea5a5cc0a,Rudy_Jacobson,$2a$10$MfvbIn/788.ErI46fSj.wOxj5fkPXlyBd2rlGY0w9CUCB0C2eIq6y,Justus Bergnaum,Gudrun.Leannon@yahoo.com,https://avatars.githubusercontent.com/u/96087606,player,2024-10-25 19:24:46.726
19d20796-e8b7-469f-9b31-e1eac207bf1a,Hertha.Kuhn,$2a$10$MfvbIn/788.ErI46fSj.wOxj5fkPXlyBd2rlGY0w9CUCB0C2eIq6y,Gussie Spencer-Lesch,Raphael3@hotmail.com,https://avatars.githubusercontent.com/u/40810113,admin,2024-10-25 19:24:46.726
15edf27c-9a3e-43b9-8801-4aca667f3566,Maida15,$2a$10$MfvbIn/788.ErI46fSj.wOxj5fkPXlyBd2rlGY0w9CUCB0C2eIq6y,Vanessa Murazik,Kian33@yahoo.com,https://avatars.githubusercontent.com/u/68962880,admin,2024-10-25 19:24:46.726
a7199d2d-f1ca-4077-a915-68e2780f538d,Hoyt_Cole4,$2a$10$MfvbIn/788.ErI46fSj.wOxj5fkPXlyBd2rlGY0w9CUCB0C2eIq6y,Kurtis Reinger,Verona91@yahoo.com,https://avatars.githubusercontent.com/u/15203385,player,2024-10-25 19:24:46.726
6fe94a62-246e-4290-8f70-d8aef4dc8d03,Dora44,$2a$10$MfvbIn/788.ErI46fSj.wOxj5fkPXlyBd2rlGY0w9CUCB0C2eIq6y,Roy Schiller,Asa24@gmail.com,https://avatars.githubusercontent.com/u/29154179,player,2024-10-25 19:24:46.726
8994e1c0-f65d-4a82-bf09-09e44f921d55,Schuyler77,$2a$10$MfvbIn/788.ErI46fSj.wOxj5fkPXlyBd2rlGY0w9CUCB0C2eIq6y,Scottie Heller,Carmela95@hotmail.com,https://avatars.githubusercontent.com/u/40665187,admin,2024-10-25 19:24:46.726
7b77cc0e-fa04-4151-81f3-05ded7d41957,Bell58,$2a$10$MfvbIn/788.ErI46fSj.wOxj5fkPXlyBd2rlGY0w9CUCB0C2eIq6y,Brook Dibbert,Harry.Littel10@gmail.com,https://avatars.githubusercontent.com/u/18632672,player,2024-10-25 19:24:46.726
2f57beab-ad3a-406c-9061-83ac17fa6413,Crystal_Stracke,$2a$10$MfvbIn/788.ErI46fSj.wOxj5fkPXlyBd2rlGY0w9CUCB0C2eIq6y,Salvador Ziemann,Tyrell.Torp32@yahoo.com,https://avatars.githubusercontent.com/u/42798711,player,2024-10-25 19:24:46.726
b918305a-8349-4f74-a2b0-47dc10fa88cf,Florine49,$2a$10$MfvbIn/788.ErI46fSj.wOxj5fkPXlyBd2rlGY0w9CUCB0C2eIq6y,Shaun Farrell,Kristoffer14@yahoo.com,https://avatars.githubusercontent.com/u/88115833,admin,2024-10-25 19:24:46.726
ea05c523-72e2-4eef-a0c7-a306aa808381,Sarah51,$2a$10$MfvbIn/788.ErI46fSj.wOxj5fkPXlyBd2rlGY0w9CUCB0C2eIq6y,Evan Rau,Rosalee1@gmail.com,https://avatars.githubusercontent.com/u/25928713,player,2024-10-25 19:24:46.726
d3a4deaf-39e7-4c0e-ae49-becfa5784fa9,Erich.Crona17,$2a$10$MfvbIn/788.ErI46fSj.wOxj5fkPXlyBd2rlGY0w9CUCB0C2eIq6y,Katrine Cassin,Lambert61@yahoo.com,https://avatars.githubusercontent.com/u/16766249,player,2024-10-25 19:24:46.726
cf107049-4114-442f-b035-f6adf6ab7049,Antoinette.Legros40,$2a$10$MfvbIn/788.ErI46fSj.wOxj5fkPXlyBd2rlGY0w9CUCB0C2eIq6y,Tressa Marvin,Skye47@gmail.com,https://avatars.githubusercontent.com/u/33371591,admin,2024-10-25 19:24:46.726
60af1272-19da-4005-b554-ae949ada9296,Anibal87,$2a$10$MfvbIn/788.ErI46fSj.wOxj5fkPXlyBd2rlGY0w9CUCB0C2eIq6y,Zachary Ritchie,Kane.Jaskolski-Hessel18@yahoo.com,https://avatars.githubusercontent.com/u/19593154,player,2024-10-25 19:24:46.726
ddc5a96d-d23e-4d5d-be5f-0ea1046a7ad5,Maegan_Rohan79,$2a$10$MfvbIn/788.ErI46fSj.wOxj5fkPXlyBd2rlGY0w9CUCB0C2eIq6y,Howard Weber,Heath_Turcotte35@hotmail.com,https://avatars.githubusercontent.com/u/70042644,player,2024-10-25 19:24:46.726
50ecea61-7f7e-4373-a8b3-ff9a51384b61,Marion.OKeefe,$2a$10$MfvbIn/788.ErI46fSj.wOxj5fkPXlyBd2rlGY0w9CUCB0C2eIq6y,Jaquan Shanahan,Lesly_Schultz15@gmail.com,https://avatars.githubusercontent.com/u/71777015,admin,2024-10-25 19:24:46.726
04b3f5cc-99be-41fc-a2b1-4628890066a1,Bradford57,$2a$10$MfvbIn/788.ErI46fSj.wOxj5fkPXlyBd2rlGY0w9CUCB0C2eIq6y,Joshua Sawayn,Kolby76@yahoo.com,https://avatars.githubusercontent.com/u/96423688,player,2024-10-25 19:24:46.726
d0864c2d-fc2f-404e-a1fa-7ae979c496ef,Jayne21,$2a$10$MfvbIn/788.ErI46fSj.wOxj5fkPXlyBd2rlGY0w9CUCB0C2eIq6y,Paris Weissnat,Stephanie_Krajcik@yahoo.com,https://avatars.githubusercontent.com/u/42017785,player,2024-10-25 19:24:46.726
e5217849-75be-4b27-ab14-89f3dfaf9ec8,Obie30,$2a$10$MfvbIn/788.ErI46fSj.wOxj5fkPXlyBd2rlGY0w9CUCB0C2eIq6y,Wilbert Stanton,Santino.Howell@yahoo.com,https://avatars.githubusercontent.com/u/12801807,player,2024-10-25 19:24:46.726
9a71e11a-b59e-4dec-89aa-8c20bbc6b69d,Mollie.Huel,$2a$10$MfvbIn/788.ErI46fSj.wOxj5fkPXlyBd2rlGY0w9CUCB0C2eIq6y,Alia Shanahan,Thalia_Renner77@hotmail.com,https://avatars.githubusercontent.com/u/72060414,player,2024-10-25 19:24:46.726
3a486553-e847-410f-959e-ef3563a60382,Lincoln.Sporer,$2a$10$MfvbIn/788.ErI46fSj.wOxj5fkPXlyBd2rlGY0w9CUCB0C2eIq6y,Autumn Ziemann,Hulda_Zboncak1@gmail.com,https://avatars.githubusercontent.com/u/85079046,admin,2024-10-25 19:24:46.726
02ad6569-eedc-4a27-a252-09962f0c5644,Santiago.Abbott32,$2a$10$MfvbIn/788.ErI46fSj.wOxj5fkPXlyBd2rlGY0w9CUCB0C2eIq6y,Leopoldo Medhurst,Anderson89@yahoo.com,https://avatars.githubusercontent.com/u/94345591,player,2024-10-25 19:24:46.726
9076546a-9be0-4cee-838b-3c7ea8633287,Rupert_Batz,$2a$10$MfvbIn/788.ErI46fSj.wOxj5fkPXlyBd2rlGY0w9CUCB0C2eIq6y,Guiseppe Schmeler,Adalberto.Gusikowski@hotmail.com,https://avatars.githubusercontent.com/u/5162957,player,2024-10-25 19:24:46.726
c41cc137-33ca-40dd-9248-d20384a6a10c,Fredy_Crona,$2a$10$MfvbIn/788.ErI46fSj.wOxj5fkPXlyBd2rlGY0w9CUCB0C2eIq6y,Moises Reinger,Timmothy22@gmail.com,https://avatars.githubusercontent.com/u/99225904,admin,2024-10-25 19:24:46.726
16b5fe13-ae2e-48a2-b9e5-e1c95b5dc3c0,Cooper.Crooks,$2a$10$MfvbIn/788.ErI46fSj.wOxj5fkPXlyBd2rlGY0w9CUCB0C2eIq6y,Ruby Hirthe,Devonte63@yahoo.com,https://avatars.githubusercontent.com/u/17937940,player,2024-10-25 19:24:46.726
29945b1a-a584-4f8a-9d22-9ba03d408596,Syble_Heathcote-Fritsch10,$2a$10$MfvbIn/788.ErI46fSj.wOxj5fkPXlyBd2rlGY0w9CUCB0C2eIq6y,Laurine O'Reilly,Katheryn11@gmail.com,https://avatars.githubusercontent.com/u/36364764,player,2024-10-25 19:24:46.727
a20fdd29-d5bd-49c6-8f46-a1d08b21507d,Verner_Waelchi,$2a$10$MfvbIn/788.ErI46fSj.wOxj5fkPXlyBd2rlGY0w9CUCB0C2eIq6y,Annamarie Buckridge-Mertz,Ricky36@hotmail.com,https://avatars.githubusercontent.com/u/72296754,admin,2024-10-25 19:24:46.727
6b378d5b-00d0-4f9a-ac1e-9f371bbaeec9,Antoinette.Champlin,$2a$10$MfvbIn/788.ErI46fSj.wOxj5fkPXlyBd2rlGY0w9CUCB0C2eIq6y,Juston Hilll,Hugh.Haag24@yahoo.com,https://avatars.githubusercontent.com/u/11683830,player,2024-10-25 19:24:46.727
9713ac60-0aa4-4610-8b81-b4fc8dd52008,Madonna.Turner,$2a$10$MfvbIn/788.ErI46fSj.wOxj5fkPXlyBd2rlGY0w9CUCB0C2eIq6y,Maureen Bradtke,Lindsey.Kertzmann56@yahoo.com,https://avatars.githubusercontent.com/u/74023604,admin,2024-10-25 19:24:46.727
8a9fbf44-bd4f-4687-b9db-2bc355f67e2e,Deanna54,$2a$10$MfvbIn/788.ErI46fSj.wOxj5fkPXlyBd2rlGY0w9CUCB0C2eIq6y,Keyshawn Kutch,Nedra53@yahoo.com,https://avatars.githubusercontent.com/u/90495663,player,2024-10-25 19:24:46.727
341954d8-7d96-4940-9a65-5ed926829ada,Virgil70,$2a$10$MfvbIn/788.ErI46fSj.wOxj5fkPXlyBd2rlGY0w9CUCB0C2eIq6y,Domenic Crooks,Whitney.Beier@yahoo.com,https://avatars.githubusercontent.com/u/81827902,player,2024-10-25 19:24:46.727
786d06ec-4d0f-4de3-a7a9-e97e37007ed8,Cleve_Johns,$2a$10$MfvbIn/788.ErI46fSj.wOxj5fkPXlyBd2rlGY0w9CUCB0C2eIq6y,Raphaelle Conn,Onie19@yahoo.com,https://avatars.githubusercontent.com/u/98536294,player,2024-10-25 19:24:46.727
294c9b2b-88da-4fdc-97f1-7b1c910f656b,Brigitte.Auer,$2a$10$MfvbIn/788.ErI46fSj.wOxj5fkPXlyBd2rlGY0w9CUCB0C2eIq6y,Kassandra Rutherford,Dianna.Balistreri@hotmail.com,https://avatars.githubusercontent.com/u/50199685,player,2024-10-25 19:24:46.727
f3734d15-b484-4d2e-bd76-b8557841ec2f,Angelita_Hoeger59,$2a$10$MfvbIn/788.ErI46fSj.wOxj5fkPXlyBd2rlGY0w9CUCB0C2eIq6y,Francesco Altenwerth,Walton.Gislason@gmail.com,https://avatars.githubusercontent.com/u/25597157,player,2024-10-25 19:24:46.727
69c60777-5247-40c5-9a34-95058dd1aaea,Orin31,$2a$10$MfvbIn/788.ErI46fSj.wOxj5fkPXlyBd2rlGY0w9CUCB0C2eIq6y,Miracle Jacobson,Amelia.Franecki97@hotmail.com,https://avatars.githubusercontent.com/u/52242870,player,2024-10-25 19:24:46.727
59b9620a-46da-4480-bdef-bba76fb855a0,Ellsworth_Gerlach40,$2a$10$MfvbIn/788.ErI46fSj.wOxj5fkPXlyBd2rlGY0w9CUCB0C2eIq6y,Dorothea Bayer,Sonny41@yahoo.com,https://avatars.githubusercontent.com/u/89219105,admin,2024-10-25 19:24:46.727
98253919-6d51-4356-ba2b-ccc996adfde4,Leone21,$2a$10$MfvbIn/788.ErI46fSj.wOxj5fkPXlyBd2rlGY0w9CUCB0C2eIq6y,Annabell Wilkinson,Ryan.Grady25@gmail.com,https://avatars.githubusercontent.com/u/93415206,admin,2024-10-25 19:24:46.727
fa0d3303-ecff-4006-add8-b63d2a79905b,Claudie_Waters,$2a$10$MfvbIn/788.ErI46fSj.wOxj5fkPXlyBd2rlGY0w9CUCB0C2eIq6y,Karina Lind,Annabell_Metz@yahoo.com,https://avatars.githubusercontent.com/u/99070467,player,2024-10-25 19:24:46.727
139feb55-eff8-4489-a02a-d82a6a878cb6,Kurt5,$2a$10$MfvbIn/788.ErI46fSj.wOxj5fkPXlyBd2rlGY0w9CUCB0C2eIq6y,Laurianne Bashirian,Lucio_Robel@hotmail.com,https://avatars.githubusercontent.com/u/11494700,admin,2024-10-25 19:24:46.727
f93a18a6-de1a-4bfc-8f0c-358283ef986e,Laverna_Ferry,$2a$10$MfvbIn/788.ErI46fSj.wOxj5fkPXlyBd2rlGY0w9CUCB0C2eIq6y,Kristy Kessler,Jaylin_Huel@gmail.com,https://avatars.githubusercontent.com/u/99048808,player,2024-10-25 19:24:46.727
562927a9-d6d0-4f7b-aae5-ffc58f189eb8,Edward49,$2a$10$MfvbIn/788.ErI46fSj.wOxj5fkPXlyBd2rlGY0w9CUCB0C2eIq6y,Bianka Boyle,Ora84@yahoo.com,https://avatars.githubusercontent.com/u/18814594,admin,2024-10-25 19:24:46.727
81f7ab6d-fdb6-4bfd-b43f-9599ab0d7d60,Lucas26,$2a$10$MfvbIn/788.ErI46fSj.wOxj5fkPXlyBd2rlGY0w9CUCB0C2eIq6y,Chadrick Pagac,Harley_Raynor@gmail.com,https://avatars.githubusercontent.com/u/65389545,admin,2024-10-25 19:24:46.727
cd621fc0-044b-45c9-a224-a26ba0b7989b,Guido11,$2a$10$MfvbIn/788.ErI46fSj.wOxj5fkPXlyBd2rlGY0w9CUCB0C2eIq6y,Harry Franecki-Kessler,Patience_OConner@hotmail.com,https://avatars.githubusercontent.com/u/38165027,admin,2024-10-25 19:24:46.727
563c8193-65d7-4af1-8ba7-2dc3d5db5dcb,Garfield_Jacobson30,$2a$10$MfvbIn/788.ErI46fSj.wOxj5fkPXlyBd2rlGY0w9CUCB0C2eIq6y,Antonetta Spencer,Adalberto_Wolff-Osinski@yahoo.com,https://avatars.githubusercontent.com/u/43583896,admin,2024-10-25 19:24:46.727
1398e13f-b3e0-4644-81ec-20e4dc32da29,Mozelle.Beahan40,$2a$10$MfvbIn/788.ErI46fSj.wOxj5fkPXlyBd2rlGY0w9CUCB0C2eIq6y,Llewellyn Bailey-O'Reilly,Jaqueline_Simonis98@yahoo.com,https://avatars.githubusercontent.com/u/98217592,player,2024-10-25 19:24:46.727
f0059b1a-bf9c-4e1a-9e42-7a14c9215478,Alan_Spencer,$2a$10$MfvbIn/788.ErI46fSj.wOxj5fkPXlyBd2rlGY0w9CUCB0C2eIq6y,Ben Kulas,Corbin_Cremin30@hotmail.com,https://avatars.githubusercontent.com/u/86816183,player,2024-10-25 19:24:46.727
c5cf3956-7413-4eaa-8e7b-31074380e1fb,Dayton_Stracke21,$2a$10$MfvbIn/788.ErI46fSj.wOxj5fkPXlyBd2rlGY0w9CUCB0C2eIq6y,Isabelle Conn-Nitzsche,Audie.Reinger57@hotmail.com,https://avatars.githubusercontent.com/u/20254998,admin,2024-10-25 19:24:46.727
71c11ef7-b22a-4836-9beb-3511490a3c3a,Shaylee77,$2a$10$MfvbIn/788.ErI46fSj.wOxj5fkPXlyBd2rlGY0w9CUCB0C2eIq6y,Niko Haley,Ryleigh.Abshire71@gmail.com,https://avatars.githubusercontent.com/u/96598385,player,2024-10-25 19:24:46.727
f1651572-5c10-4ac4-8ac2-ac272df47596,Keith54,$2a$10$MfvbIn/788.ErI46fSj.wOxj5fkPXlyBd2rlGY0w9CUCB0C2eIq6y,Derick Grant,Angus.Ernser@yahoo.com,https://avatars.githubusercontent.com/u/83161786,admin,2024-10-25 19:24:46.727
3b9c09ca-3c7e-4f0d-8047-3bbf68f31479,Norval17,$2a$10$MfvbIn/788.ErI46fSj.wOxj5fkPXlyBd2rlGY0w9CUCB0C2eIq6y,Queenie Rau,Amiya54@hotmail.com,https://avatars.githubusercontent.com/u/40443554,admin,2024-10-25 19:24:46.727
d3acf8b4-3cf9-43d2-95c9-7852b12c0986,Amanda0,$2a$10$MfvbIn/788.ErI46fSj.wOxj5fkPXlyBd2rlGY0w9CUCB0C2eIq6y,Jacinto Renner,Terrill_Schinner@hotmail.com,https://avatars.githubusercontent.com/u/31948490,admin,2024-10-25 19:24:46.727
55170027-c52f-4adf-91c1-073a340c12eb,Barry.OKon1,$2a$10$MfvbIn/788.ErI46fSj.wOxj5fkPXlyBd2rlGY0w9CUCB0C2eIq6y,Yasmine Emard,Gregory24@gmail.com,https://avatars.githubusercontent.com/u/91337968,player,2024-10-25 19:24:46.727
f237dffe-df62-4d1f-b09c-de4d454afd93,Geraldine.OReilly,$2a$10$MfvbIn/788.ErI46fSj.wOxj5fkPXlyBd2rlGY0w9CUCB0C2eIq6y,Reid Zboncak,Barton_Moen4@yahoo.com,https://avatars.githubusercontent.com/u/32353822,admin,2024-10-25 19:24:46.727
0a674d6e-a386-486a-aa37-f47b95fa00a3,Clemmie.Konopelski10,$2a$10$MfvbIn/788.ErI46fSj.wOxj5fkPXlyBd2rlGY0w9CUCB0C2eIq6y,Gregorio Beer,Eldora.Moen-Koch@yahoo.com,https://avatars.githubusercontent.com/u/40437708,admin,2024-10-25 19:24:46.727
70132b17-1204-43f5-a6ab-f0ee1265a27e,Dallas21,$2a$10$MfvbIn/788.ErI46fSj.wOxj5fkPXlyBd2rlGY0w9CUCB0C2eIq6y,Ottis Buckridge-Bogan,Antonette.Lebsack57@hotmail.com,https://avatars.githubusercontent.com/u/96677521,admin,2024-10-25 19:24:46.727
0d5dd7ff-518e-4508-85d1-8e042e0ec9a2,Tanner_Hudson,$2a$10$MfvbIn/788.ErI46fSj.wOxj5fkPXlyBd2rlGY0w9CUCB0C2eIq6y,Ward Grant,Allie.Bayer@yahoo.com,https://avatars.githubusercontent.com/u/83452946,player,2024-10-25 19:24:46.727
f0e2ee48-193b-47d2-a241-b18696dd026a,Judah.Hackett95,$2a$10$MfvbIn/788.ErI46fSj.wOxj5fkPXlyBd2rlGY0w9CUCB0C2eIq6y,Hosea Dach,Arnulfo12@gmail.com,https://avatars.githubusercontent.com/u/92194071,admin,2024-10-25 19:24:46.727
b943e5cc-9f3e-4bbf-8934-70d702f96558,Lizzie.Kuhn77,$2a$10$MfvbIn/788.ErI46fSj.wOxj5fkPXlyBd2rlGY0w9CUCB0C2eIq6y,Tia Langworth,Carter66@hotmail.com,https://avatars.githubusercontent.com/u/63749963,admin,2024-10-25 19:24:46.727
d5748fb7-a5bd-4f55-87b8-93445def098b,Devin_Kuhn29,$2a$10$MfvbIn/788.ErI46fSj.wOxj5fkPXlyBd2rlGY0w9CUCB0C2eIq6y,Rosendo Gorczany,Ibrahim89@hotmail.com,https://avatars.githubusercontent.com/u/6353875,player,2024-10-25 19:24:46.727
02d533df-de1c-4b5d-a68c-211e6e386ed0,Jena60,$2a$10$MfvbIn/788.ErI46fSj.wOxj5fkPXlyBd2rlGY0w9CUCB0C2eIq6y,Carlie Krajcik,Paxton_Bruen@gmail.com,https://avatars.githubusercontent.com/u/19153014,player,2024-10-25 19:24:46.727
8d6a093a-3eaf-40b0-89b4-efb529ae8c9e,Kareem25,$2a$10$MfvbIn/788.ErI46fSj.wOxj5fkPXlyBd2rlGY0w9CUCB0C2eIq6y,Lolita Bauch,Abigayle.Kihn2@gmail.com,https://avatars.githubusercontent.com/u/31242228,player,2024-10-25 19:24:46.727
fbddb56c-0b59-401c-9e7d-ee116daca037,Ardella.Hansen7,$2a$10$MfvbIn/788.ErI46fSj.wOxj5fkPXlyBd2rlGY0w9CUCB0C2eIq6y,Buford Kozey,Landen_McDermott80@hotmail.com,https://avatars.githubusercontent.com/u/98071213,player,2024-10-25 19:24:46.727
6ce81244-3141-46b9-8203-48bcd37670f8,Darian73,$2a$10$MfvbIn/788.ErI46fSj.wOxj5fkPXlyBd2rlGY0w9CUCB0C2eIq6y,Orrin Carter,Kirsten_Rohan@hotmail.com,https://avatars.githubusercontent.com/u/81240933,admin,2024-10-25 19:24:46.727
81d21cce-b7e7-4931-ba27-882f2a5e410a,Ignacio.Sawayn95,$2a$10$MfvbIn/788.ErI46fSj.wOxj5fkPXlyBd2rlGY0w9CUCB0C2eIq6y,Jarrell Koepp,Aric20@yahoo.com,https://avatars.githubusercontent.com/u/13882409,admin,2024-10-25 19:24:46.727
0a02d1f9-8317-4745-a502-a9f1e9d185f8,Nakia.Labadie66,$2a$10$MfvbIn/788.ErI46fSj.wOxj5fkPXlyBd2rlGY0w9CUCB0C2eIq6y,Merlin Dibbert,Carlos88@yahoo.com,https://avatars.githubusercontent.com/u/7797334,player,2024-10-25 19:24:46.727
3d90358d-f850-4dfe-b76f-da1e0da7d119,Hilario80,$2a$10$MfvbIn/788.ErI46fSj.wOxj5fkPXlyBd2rlGY0w9CUCB0C2eIq6y,Dianna Friesen,Marlene_Hayes43@yahoo.com,https://avatars.githubusercontent.com/u/80006895,player,2024-10-25 19:24:46.727
82c2b4d9-7ccd-45a5-9f23-f0a73a9e122d,Zetta91,$2a$10$MfvbIn/788.ErI46fSj.wOxj5fkPXlyBd2rlGY0w9CUCB0C2eIq6y,Dayna Stanton,Torey_Welch26@gmail.com,https://avatars.githubusercontent.com/u/22857521,admin,2024-10-25 19:24:46.727
4af186d8-9682-4fa8-91ca-ac3760339bfa,Priscilla.Kuhlman,$2a$10$MfvbIn/788.ErI46fSj.wOxj5fkPXlyBd2rlGY0w9CUCB0C2eIq6y,Art Koss,Johann_Walker@hotmail.com,https://avatars.githubusercontent.com/u/52597678,player,2024-10-25 19:24:46.727
381b83b7-753b-4516-ab11-bdc915242fa1,Leslie_Casper,$2a$10$MfvbIn/788.ErI46fSj.wOxj5fkPXlyBd2rlGY0w9CUCB0C2eIq6y,Nedra Harvey,Jett.Bosco@yahoo.com,https://avatars.githubusercontent.com/u/7485303,player,2024-10-25 19:24:46.727
27a5a698-2f20-45ec-bc47-28213e356d7a,Jasper.Schamberger,$2a$10$MfvbIn/788.ErI46fSj.wOxj5fkPXlyBd2rlGY0w9CUCB0C2eIq6y,Lizeth Blick,Roy18@yahoo.com,https://avatars.githubusercontent.com/u/49600258,admin,2024-10-25 19:24:46.727
6e93a085-2a47-41b8-82e8-56be5e7a08f6,Karine.Spinka52,$2a$10$MfvbIn/788.ErI46fSj.wOxj5fkPXlyBd2rlGY0w9CUCB0C2eIq6y,Andrew Hansen,Toney31@yahoo.com,https://avatars.githubusercontent.com/u/18748679,player,2024-10-25 19:24:46.727
772a3231-4266-41c3-9e2d-ea36ff5b2610,Howard98,$2a$10$MfvbIn/788.ErI46fSj.wOxj5fkPXlyBd2rlGY0w9CUCB0C2eIq6y,Anastasia Luettgen,Garfield_Torphy-Kreiger12@hotmail.com,https://avatars.githubusercontent.com/u/15913900,player,2024-10-25 19:24:46.727
17f3a651-7acb-4f9d-bfc8-e4b880a553c3,Sam_Towne79,$2a$10$MfvbIn/788.ErI46fSj.wOxj5fkPXlyBd2rlGY0w9CUCB0C2eIq6y,Luther Bauch,Cedrick_Wunsch17@hotmail.com,https://avatars.githubusercontent.com/u/9615739,admin,2024-10-25 19:24:46.727
4e00ae49-f0ce-4c03-9f13-71a515fa3f79,Chelsie28,$2a$10$MfvbIn/788.ErI46fSj.wOxj5fkPXlyBd2rlGY0w9CUCB0C2eIq6y,Jewel Hand,Elizabeth_Price10@gmail.com,https://avatars.githubusercontent.com/u/88374888,admin,2024-10-25 19:24:46.727
d38cec1c-110b-4a21-b070-1e9b37e43bf9,Tamia41,$2a$10$MfvbIn/788.ErI46fSj.wOxj5fkPXlyBd2rlGY0w9CUCB0C2eIq6y,Melissa Brakus,Adolph.Cole31@hotmail.com,https://avatars.githubusercontent.com/u/97026229,player,2024-10-25 19:24:46.727
18aa4372-2d68-415d-9979-2392dbe731f8,Gabriel_Cummings,$2a$10$MfvbIn/788.ErI46fSj.wOxj5fkPXlyBd2rlGY0w9CUCB0C2eIq6y,Milford Carter,Oswaldo.Yundt24@hotmail.com,https://avatars.githubusercontent.com/u/96036887,player,2024-10-25 19:24:46.727
0a7ea975-a8dc-4143-a6d3-28e17ca246fd,Alisa58,$2a$10$MfvbIn/788.ErI46fSj.wOxj5fkPXlyBd2rlGY0w9CUCB0C2eIq6y,Breanna Jast,Kari_Bahringer77@gmail.com,https://avatars.githubusercontent.com/u/29988993,player,2024-10-25 19:24:46.728
089f2cb0-d5cd-42f2-a8d5-22f452945bc8,Bernhard73,$2a$10$MfvbIn/788.ErI46fSj.wOxj5fkPXlyBd2rlGY0w9CUCB0C2eIq6y,Kayla Weissnat,Alexandria.Dietrich48@yahoo.com,https://avatars.githubusercontent.com/u/26348105,admin,2024-10-25 19:24:46.728
7dec4fa2-391d-4fc3-8a24-9d48efb9dced,Greta.Deckow,$2a$10$MfvbIn/788.ErI46fSj.wOxj5fkPXlyBd2rlGY0w9CUCB0C2eIq6y,Yazmin Conroy,Elyssa.Gleichner@yahoo.com,https://avatars.githubusercontent.com/u/27860656,player,2024-10-25 19:24:46.728
4349e3a8-4c2c-4c78-9daf-0ae3c0c7f4ef,Dangelo_Douglas,$2a$10$MfvbIn/788.ErI46fSj.wOxj5fkPXlyBd2rlGY0w9CUCB0C2eIq6y,Doyle Rippin,Maurice26@gmail.com,https://avatars.githubusercontent.com/u/35575345,player,2024-10-25 19:24:46.728
48fcbecb-938d-46a1-ba0e-2b42b82eca7e,Novella_Roberts41,$2a$10$MfvbIn/788.ErI46fSj.wOxj5fkPXlyBd2rlGY0w9CUCB0C2eIq6y,Rosa Kihn,Gerda93@gmail.com,https://avatars.githubusercontent.com/u/24589698,player,2024-10-25 19:24:46.728
508b9bfa-2c7f-4a2e-9ab3-1ec439aecc72,Reynold.Jaskolski,$2a$10$MfvbIn/788.ErI46fSj.wOxj5fkPXlyBd2rlGY0w9CUCB0C2eIq6y,Eloisa Walsh,Sydney_Adams@gmail.com,https://avatars.githubusercontent.com/u/71287807,player,2024-10-25 19:24:46.728
22c9eb06-78c6-4c66-88b5-7a91afa1bc42,Cicero_Walter,$2a$10$MfvbIn/788.ErI46fSj.wOxj5fkPXlyBd2rlGY0w9CUCB0C2eIq6y,Taya Walker,Kaitlyn.Collins@hotmail.com,https://avatars.githubusercontent.com/u/24532665,admin,2024-10-25 19:24:46.728
e6a74eb8-88db-4c45-b96a-50c73d31a77f,Hilario23,$2a$10$MfvbIn/788.ErI46fSj.wOxj5fkPXlyBd2rlGY0w9CUCB0C2eIq6y,Sigmund Rath,Santiago_Hirthe@hotmail.com,https://avatars.githubusercontent.com/u/94104302,player,2024-10-25 19:24:46.728
b9ae2ee4-688a-4602-be25-50b88a9dc08a,Dorothea84,$2a$10$MfvbIn/788.ErI46fSj.wOxj5fkPXlyBd2rlGY0w9CUCB0C2eIq6y,Nicolas Rempel,Elyssa30@hotmail.com,https://avatars.githubusercontent.com/u/45599428,admin,2024-10-25 19:24:46.728
ec91954b-9643-4843-bea1-4a0e0abe7825,Mollie_Keeling,$2a$10$MfvbIn/788.ErI46fSj.wOxj5fkPXlyBd2rlGY0w9CUCB0C2eIq6y,Ellis Corwin,Jackson.Heidenreich77@gmail.com,https://avatars.githubusercontent.com/u/33865186,player,2024-10-25 19:24:46.728
7ba53d3c-322f-4532-bcdd-b77666da2d1b,Cole74,$2a$10$MfvbIn/788.ErI46fSj.wOxj5fkPXlyBd2rlGY0w9CUCB0C2eIq6y,Golda Roberts,Ethyl_Simonis@hotmail.com,https://avatars.githubusercontent.com/u/44656204,admin,2024-10-25 19:24:46.728
a44c606f-7a87-4f20-858b-f7be4a23b907,Shyanne38,$2a$10$MfvbIn/788.ErI46fSj.wOxj5fkPXlyBd2rlGY0w9CUCB0C2eIq6y,Estevan Carter,Betty92@hotmail.com,https://avatars.githubusercontent.com/u/90556929,player,2024-10-25 19:24:46.728
d2ba89a6-85f1-4243-b47b-d47652766139,Paris.Ondricka,$2a$10$MfvbIn/788.ErI46fSj.wOxj5fkPXlyBd2rlGY0w9CUCB0C2eIq6y,Ethelyn Franey,Dwight70@hotmail.com,https://avatars.githubusercontent.com/u/72699396,player,2024-10-25 19:24:46.728
38ac5d9a-3921-4541-9a4d-e9a7f3280e7a,Dortha55,$2a$10$MfvbIn/788.ErI46fSj.wOxj5fkPXlyBd2rlGY0w9CUCB0C2eIq6y,Tate Rippin-Donnelly,Ola39@hotmail.com,https://avatars.githubusercontent.com/u/90693641,player,2024-10-25 19:24:46.728
34691bfe-b096-4ecd-82b0-ea4f499f2661,Liliana.Grimes75,$2a$10$MfvbIn/788.ErI46fSj.wOxj5fkPXlyBd2rlGY0w9CUCB0C2eIq6y,Tyson Schmeler,Joe_Wilderman@hotmail.com,https://avatars.githubusercontent.com/u/13730896,admin,2024-10-25 19:24:46.728
09b6d125-1c4b-4ad6-a569-8a9e68b7882b,Urban89,$2a$10$MfvbIn/788.ErI46fSj.wOxj5fkPXlyBd2rlGY0w9CUCB0C2eIq6y,Orlando Keebler,Garrison_Weber76@hotmail.com,https://avatars.githubusercontent.com/u/73562588,player,2024-10-25 19:24:46.728
ea6ee653-bce8-4e7b-974b-993e9623024d,Avery17,$2a$10$MfvbIn/788.ErI46fSj.wOxj5fkPXlyBd2rlGY0w9CUCB0C2eIq6y,Gabriella Schaefer,Cloyd.Rolfson93@hotmail.com,https://avatars.githubusercontent.com/u/68059992,player,2024-10-25 19:24:46.728
68b244a7-8155-439b-8bcb-f794848f527c,Felipa91,$2a$10$MfvbIn/788.ErI46fSj.wOxj5fkPXlyBd2rlGY0w9CUCB0C2eIq6y,Christa Carroll,Marisa.Ebert@yahoo.com,https://avatars.githubusercontent.com/u/11451831,admin,2024-10-25 19:24:46.728
39b029bb-c927-4b7b-ba6e-dcc52a5a83a6,Germaine_Bechtelar,$2a$10$MfvbIn/788.ErI46fSj.wOxj5fkPXlyBd2rlGY0w9CUCB0C2eIq6y,Candace Stehr,Floyd.Hudson@hotmail.com,https://avatars.githubusercontent.com/u/71290262,admin,2024-10-25 19:24:46.728
79106ab8-7247-42ef-9df8-94e41bc98acc,Allen86,$2a$10$MfvbIn/788.ErI46fSj.wOxj5fkPXlyBd2rlGY0w9CUCB0C2eIq6y,Sigrid Corwin,Jess.Zieme@yahoo.com,https://avatars.githubusercontent.com/u/38111582,player,2024-10-25 19:24:46.728
c03c4bf5-bde7-4083-ad28-33ace97ef81b,Taya.Murazik45,$2a$10$MfvbIn/788.ErI46fSj.wOxj5fkPXlyBd2rlGY0w9CUCB0C2eIq6y,Mable Emmerich,Missouri61@hotmail.com,https://avatars.githubusercontent.com/u/15585659,admin,2024-10-25 19:24:46.728
d103d3ce-da74-492a-8f4c-ee26edfda58b,Ryley.Wolff53,$2a$10$MfvbIn/788.ErI46fSj.wOxj5fkPXlyBd2rlGY0w9CUCB0C2eIq6y,Pablo Monahan,Elnora25@gmail.com,https://avatars.githubusercontent.com/u/14126829,admin,2024-10-25 19:24:46.728
29d86bb2-aea1-4203-9250-a4d0b0ebf673,Jerrell.Cummings,$2a$10$MfvbIn/788.ErI46fSj.wOxj5fkPXlyBd2rlGY0w9CUCB0C2eIq6y,Christine Marvin,Aida_Hand@yahoo.com,https://avatars.githubusercontent.com/u/12766957,admin,2024-10-25 19:24:46.728
7859dc8a-d645-4bdb-b829-316e42a1befc,Terrell.Weissnat24,$2a$10$MfvbIn/788.ErI46fSj.wOxj5fkPXlyBd2rlGY0w9CUCB0C2eIq6y,Dakota Kunze,Mallie_Goldner18@yahoo.com,https://avatars.githubusercontent.com/u/79699850,admin,2024-10-25 19:24:46.728
0e58f55e-22b6-435e-9bf1-6c11b26d420c,Alfred_Schroeder30,$2a$10$MfvbIn/788.ErI46fSj.wOxj5fkPXlyBd2rlGY0w9CUCB0C2eIq6y,Francisco Swift,Jadon33@yahoo.com,https://avatars.githubusercontent.com/u/49595160,player,2024-10-25 19:24:46.728
aa81ea2c-dcbc-4744-b245-de5b3204f761,Ernesto_Ritchie78,$2a$10$MfvbIn/788.ErI46fSj.wOxj5fkPXlyBd2rlGY0w9CUCB0C2eIq6y,Emma Hessel,Ramon23@gmail.com,https://avatars.githubusercontent.com/u/30978605,admin,2024-10-25 19:24:46.728
60b8d695-4b7c-46cd-a274-aa3dd3ad0c95,Rebeca.Will,$2a$10$MfvbIn/788.ErI46fSj.wOxj5fkPXlyBd2rlGY0w9CUCB0C2eIq6y,Marielle Lemke,Nona94@gmail.com,https://avatars.githubusercontent.com/u/1163981,player,2024-10-25 19:24:46.728
68a6fb7e-adac-4ae4-8ed2-95d2d43d44ca,Dylan_Gorczany-Ratke38,$2a$10$MfvbIn/788.ErI46fSj.wOxj5fkPXlyBd2rlGY0w9CUCB0C2eIq6y,Camden Daniel,Sincere_Ebert@hotmail.com,https://avatars.githubusercontent.com/u/20206840,player,2024-10-25 19:24:46.728
4d1d4366-d50f-454a-b9aa-587d2db2049e,Jaycee54,$2a$10$MfvbIn/788.ErI46fSj.wOxj5fkPXlyBd2rlGY0w9CUCB0C2eIq6y,Sonny Collier,Devan_Kshlerin@yahoo.com,https://avatars.githubusercontent.com/u/50790127,admin,2024-10-25 19:24:46.728
04566644-00ec-419a-88c5-8a3586c8dcb0,Ima_Dietrich,$2a$10$MfvbIn/788.ErI46fSj.wOxj5fkPXlyBd2rlGY0w9CUCB0C2eIq6y,Ora Bailey,Elna_Monahan79@gmail.com,https://avatars.githubusercontent.com/u/93830512,player,2024-10-25 19:24:46.728
41f3af27-bb32-4c28-8ef2-7d3513e6f727,Osvaldo_Maggio,$2a$10$MfvbIn/788.ErI46fSj.wOxj5fkPXlyBd2rlGY0w9CUCB0C2eIq6y,Grayce Mosciski,Adeline57@yahoo.com,https://avatars.githubusercontent.com/u/84172792,admin,2024-10-25 19:24:46.728
79d872be-7258-479e-985e-1ae1087e33c6,Keon_Armstrong,$2a$10$MfvbIn/788.ErI46fSj.wOxj5fkPXlyBd2rlGY0w9CUCB0C2eIq6y,Nora Wilkinson,Hollis_Ondricka48@hotmail.com,https://avatars.githubusercontent.com/u/84942378,player,2024-10-25 19:24:46.728
e4bdcc11-ba56-473a-901e-393cd51fe64a,Newell.Zieme3,$2a$10$MfvbIn/788.ErI46fSj.wOxj5fkPXlyBd2rlGY0w9CUCB0C2eIq6y,Dane Feest,Rosario99@yahoo.com,https://avatars.githubusercontent.com/u/23186611,admin,2024-10-25 19:24:46.728
76b0d225-f5af-462b-b57d-3d86dece9355,Laurianne_Sauer,$2a$10$MfvbIn/788.ErI46fSj.wOxj5fkPXlyBd2rlGY0w9CUCB0C2eIq6y,Madie Smith,Vito.Wolff-Funk26@yahoo.com,https://avatars.githubusercontent.com/u/4314595,player,2024-10-25 19:24:46.728
d1077782-393f-4c62-b68c-0eec68b2c84d,Vance68,$2a$10$MfvbIn/788.ErI46fSj.wOxj5fkPXlyBd2rlGY0w9CUCB0C2eIq6y,Myra Lebsack,Jennie_Hoppe@yahoo.com,https://avatars.githubusercontent.com/u/42123106,admin,2024-10-25 19:24:46.728
a1c882a1-fcdb-4c8b-b222-7201d383cb8d,Arno.Dooley,$2a$10$MfvbIn/788.ErI46fSj.wOxj5fkPXlyBd2rlGY0w9CUCB0C2eIq6y,Turner Romaguera,Eugenia.Strosin57@hotmail.com,https://avatars.githubusercontent.com/u/43500697,player,2024-10-25 19:24:46.728
f9a38fb4-5182-472f-80ca-78c2976ac5da,Sasha89,$2a$10$MfvbIn/788.ErI46fSj.wOxj5fkPXlyBd2rlGY0w9CUCB0C2eIq6y,Lourdes Witting,Malika35@gmail.com,https://avatars.githubusercontent.com/u/28120175,player,2024-10-25 19:24:46.728
738ad458-90c4-43b3-b399-104ada100b89,Priscilla0,$2a$10$MfvbIn/788.ErI46fSj.wOxj5fkPXlyBd2rlGY0w9CUCB0C2eIq6y,Hailey Abernathy,Helena_Dach81@hotmail.com,https://avatars.githubusercontent.com/u/38178254,admin,2024-10-25 19:24:46.728
171e40e9-075f-4d07-9ce9-9ff4d1d239c1,Reva_Schroeder87,$2a$10$MfvbIn/788.ErI46fSj.wOxj5fkPXlyBd2rlGY0w9CUCB0C2eIq6y,Lonnie Heidenreich,Tatyana_Ernser@yahoo.com,https://avatars.githubusercontent.com/u/15447170,player,2024-10-25 19:24:46.728
dd8425af-0a20-4f95-a381-68a78abd9ff0,Jakob.Conroy43,$2a$10$MfvbIn/788.ErI46fSj.wOxj5fkPXlyBd2rlGY0w9CUCB0C2eIq6y,Gudrun Nienow,Woodrow16@gmail.com,https://avatars.githubusercontent.com/u/17327768,admin,2024-10-25 19:24:46.728
97156980-c7cc-4155-abc8-b2131f4d675f,Chelsie.Weber45,$2a$10$MfvbIn/788.ErI46fSj.wOxj5fkPXlyBd2rlGY0w9CUCB0C2eIq6y,Tate Jast,Santino41@hotmail.com,https://avatars.githubusercontent.com/u/53520081,admin,2024-10-25 19:24:46.728
d11f43d8-663f-4205-9cee-598399430475,Alvena.Pfeffer,$2a$10$MfvbIn/788.ErI46fSj.wOxj5fkPXlyBd2rlGY0w9CUCB0C2eIq6y,Kyla Franecki,Lucious0@gmail.com,https://avatars.githubusercontent.com/u/95700608,admin,2024-10-25 19:24:46.728
11209bba-8b10-4f3f-8c0d-27421389acc6,Kianna39,$2a$10$MfvbIn/788.ErI46fSj.wOxj5fkPXlyBd2rlGY0w9CUCB0C2eIq6y,Cleveland Steuber,Madge.Bogan12@yahoo.com,https://avatars.githubusercontent.com/u/33378121,player,2024-10-25 19:24:46.728
1f11b70e-958d-486f-9370-e0e653d1c80f,Erika.Trantow,$2a$10$MfvbIn/788.ErI46fSj.wOxj5fkPXlyBd2rlGY0w9CUCB0C2eIq6y,Stephen Hamill,Ilene_Weissnat@gmail.com,https://avatars.githubusercontent.com/u/30852768,admin,2024-10-25 19:24:46.728
e1b602cf-10cd-4a0b-8c9f-e9df697e7a7f,Vidal69,$2a$10$MfvbIn/788.ErI46fSj.wOxj5fkPXlyBd2rlGY0w9CUCB0C2eIq6y,Madeline Schmidt,Randy_Jerde@gmail.com,https://avatars.githubusercontent.com/u/72836521,admin,2024-10-25 19:24:46.728
0d660601-2b4f-42f9-abcf-a9f421155297,Dariana15,$2a$10$MfvbIn/788.ErI46fSj.wOxj5fkPXlyBd2rlGY0w9CUCB0C2eIq6y,Kirk Larkin,Wilburn0@yahoo.com,https://avatars.githubusercontent.com/u/54439483,admin,2024-10-25 19:24:46.728
e1ccba46-9ffe-4069-9ee9-84efad8ceddd,Kayleigh16,$2a$10$MfvbIn/788.ErI46fSj.wOxj5fkPXlyBd2rlGY0w9CUCB0C2eIq6y,Jordan Smitham,Edythe_Lang@hotmail.com,https://avatars.githubusercontent.com/u/37766192,admin,2024-10-25 19:24:46.729
8ba868f4-ed47-43f5-94a3-79083aed6709,Angelo37,$2a$10$MfvbIn/788.ErI46fSj.wOxj5fkPXlyBd2rlGY0w9CUCB0C2eIq6y,Tierra Pfeffer,Zachariah94@hotmail.com,https://avatars.githubusercontent.com/u/31168344,player,2024-10-25 19:24:46.729
61b442d6-828f-43ab-b717-8cbcbaa8e936,Kennith37,$2a$10$MfvbIn/788.ErI46fSj.wOxj5fkPXlyBd2rlGY0w9CUCB0C2eIq6y,Rebekah White,Katlyn_Farrell93@yahoo.com,https://avatars.githubusercontent.com/u/2874132,player,2024-10-25 19:24:46.729
733b7649-1ea8-43f1-aa21-d8bd0f874f60,Parker46,$2a$10$MfvbIn/788.ErI46fSj.wOxj5fkPXlyBd2rlGY0w9CUCB0C2eIq6y,Isaiah Leuschke,Sharon79@gmail.com,https://avatars.githubusercontent.com/u/68284308,player,2024-10-25 19:24:46.729
7fe0cbc1-4f41-40a9-834e-5aa06308f03d,Maddison.Feeney,$2a$10$MfvbIn/788.ErI46fSj.wOxj5fkPXlyBd2rlGY0w9CUCB0C2eIq6y,Fleta Schinner,Creola_Lebsack60@gmail.com,https://avatars.githubusercontent.com/u/78702741,admin,2024-10-25 19:24:46.729
5e249a0b-d522-4693-8b1a-43fb1db91895,Josie.Von16,$2a$10$MfvbIn/788.ErI46fSj.wOxj5fkPXlyBd2rlGY0w9CUCB0C2eIq6y,Marta Nienow,Ivy.Lehner32@hotmail.com,https://avatars.githubusercontent.com/u/86994344,admin,2024-10-25 19:24:46.729
5f5d9207-1f4f-4984-9272-dbc131575400,Mia41,$2a$10$MfvbIn/788.ErI46fSj.wOxj5fkPXlyBd2rlGY0w9CUCB0C2eIq6y,Abelardo Zemlak,Eliane.Strosin@hotmail.com,https://avatars.githubusercontent.com/u/45261692,admin,2024-10-25 19:24:46.729
7a041a1c-f19f-4765-822f-578c4cb638e1,Amya_Kshlerin93,$2a$10$MfvbIn/788.ErI46fSj.wOxj5fkPXlyBd2rlGY0w9CUCB0C2eIq6y,Libbie Harvey-Sauer,Rickey_Huel78@gmail.com,https://avatars.githubusercontent.com/u/85203052,player,2024-10-25 19:24:46.729
1d73b4ea-113e-4a9b-bc34-72e52bcec36c,Daniella62,$2a$10$MfvbIn/788.ErI46fSj.wOxj5fkPXlyBd2rlGY0w9CUCB0C2eIq6y,Rosalee Wiza,Verda.Mann-Satterfield15@gmail.com,https://avatars.githubusercontent.com/u/24603283,player,2024-10-25 19:24:46.729
26051c46-d0b0-4560-a539-f1dd17bd7958,Kadin34,$2a$10$MfvbIn/788.ErI46fSj.wOxj5fkPXlyBd2rlGY0w9CUCB0C2eIq6y,Bertram Haag,Marina99@gmail.com,https://avatars.githubusercontent.com/u/42754178,player,2024-10-25 19:24:46.729
bc3b8cae-26f6-4829-99f1-e8df6b0d9b98,Kirk43,$2a$10$MfvbIn/788.ErI46fSj.wOxj5fkPXlyBd2rlGY0w9CUCB0C2eIq6y,Mariela Abshire,Davon68@yahoo.com,https://avatars.githubusercontent.com/u/3532939,player,2024-10-25 19:24:46.729
8b9aba5b-44f8-4af5-a95a-876db06a86eb,Marshall_Leffler,$2a$10$MfvbIn/788.ErI46fSj.wOxj5fkPXlyBd2rlGY0w9CUCB0C2eIq6y,Austen Bartoletti,Maya.Cassin-Kirlin@hotmail.com,https://avatars.githubusercontent.com/u/95907797,admin,2024-10-25 19:24:46.729
ea312233-e118-436b-87d0-b6e1af9b6a6e,Hellen93,$2a$10$MfvbIn/788.ErI46fSj.wOxj5fkPXlyBd2rlGY0w9CUCB0C2eIq6y,Paris Kessler,Kellen_Rice@gmail.com,https://avatars.githubusercontent.com/u/20154485,admin,2024-10-25 19:24:46.729
c85fa606-b133-4987-b065-efe235a1f9be,Abe_Douglas,$2a$10$MfvbIn/788.ErI46fSj.wOxj5fkPXlyBd2rlGY0w9CUCB0C2eIq6y,Candace Hettinger,Valentin.Kovacek12@gmail.com,https://avatars.githubusercontent.com/u/54337712,player,2024-10-25 19:24:46.729
2ef0c949-5c76-4a18-97e1-1ff520901455,Alphonso58,$2a$10$MfvbIn/788.ErI46fSj.wOxj5fkPXlyBd2rlGY0w9CUCB0C2eIq6y,Ernestine Hammes,Erika33@hotmail.com,https://avatars.githubusercontent.com/u/39132188,admin,2024-10-25 19:24:46.729
70bced2d-c37b-42ed-8386-070d32d4c21c,Colton_Lockman,$2a$10$MfvbIn/788.ErI46fSj.wOxj5fkPXlyBd2rlGY0w9CUCB0C2eIq6y,Jarret Gleason,Tess_Funk@hotmail.com,https://avatars.githubusercontent.com/u/49035416,admin,2024-10-25 19:24:46.729
ecc5fb87-1022-418e-b184-52969adcb9b2,Isaac44,$2a$10$MfvbIn/788.ErI46fSj.wOxj5fkPXlyBd2rlGY0w9CUCB0C2eIq6y,Unique Kozey,Paxton_Ritchie@yahoo.com,https://avatars.githubusercontent.com/u/90768338,player,2024-10-25 19:24:46.729
5e70ce10-cdd8-40fd-90ed-958425bcfd55,Berenice34,$2a$10$MfvbIn/788.ErI46fSj.wOxj5fkPXlyBd2rlGY0w9CUCB0C2eIq6y,Grayce Tillman,Felicia24@gmail.com,https://avatars.githubusercontent.com/u/43408831,admin,2024-10-25 19:24:46.729
8d929161-b441-4fc9-a57d-c884f3d33344,Thomas.Kautzer51,$2a$10$MfvbIn/788.ErI46fSj.wOxj5fkPXlyBd2rlGY0w9CUCB0C2eIq6y,Alaina Herzog,Kamille_Barrows98@hotmail.com,https://avatars.githubusercontent.com/u/84048855,player,2024-10-25 19:24:46.729
4a3a75c0-92d4-48b3-bdc1-00bb0894dfd8,Faye_Fritsch14,$2a$10$MfvbIn/788.ErI46fSj.wOxj5fkPXlyBd2rlGY0w9CUCB0C2eIq6y,Breanne Stehr,Marian_Heathcote@gmail.com,https://avatars.githubusercontent.com/u/45249954,admin,2024-10-25 19:24:46.729
86c633d9-158b-416f-9515-9e38b6c1cc4f,Triston_Kutch,$2a$10$MfvbIn/788.ErI46fSj.wOxj5fkPXlyBd2rlGY0w9CUCB0C2eIq6y,Marlen Thompson,Kieran_Kuhn82@yahoo.com,https://avatars.githubusercontent.com/u/49927838,admin,2024-10-25 19:24:46.729
533598d8-e82c-4fd9-838a-a0b57a505a64,Elise17,$2a$10$MfvbIn/788.ErI46fSj.wOxj5fkPXlyBd2rlGY0w9CUCB0C2eIq6y,Colton Heidenreich,Triston_Tremblay@gmail.com,https://avatars.githubusercontent.com/u/61516832,admin,2024-10-25 19:24:46.729
1e654139-e2e7-48a5-850d-9c64e2a765fd,Bernhard.Romaguera,$2a$10$MfvbIn/788.ErI46fSj.wOxj5fkPXlyBd2rlGY0w9CUCB0C2eIq6y,Angelina Waelchi,Faustino.Heller@hotmail.com,https://avatars.githubusercontent.com/u/71991177,admin,2024-10-25 19:24:46.729
307fcadc-5353-4dfc-87e6-16fc3a804466,Madelynn.Dare,$2a$10$MfvbIn/788.ErI46fSj.wOxj5fkPXlyBd2rlGY0w9CUCB0C2eIq6y,Dion Sanford,Garret64@yahoo.com,https://avatars.githubusercontent.com/u/17211397,admin,2024-10-25 19:24:46.729
98924482-bf03-4d33-bdb5-627334b1a905,Kim.Mann96,$2a$10$MfvbIn/788.ErI46fSj.wOxj5fkPXlyBd2rlGY0w9CUCB0C2eIq6y,Katelyn Anderson,Evelyn_Grant@yahoo.com,https://avatars.githubusercontent.com/u/94037122,admin,2024-10-25 19:24:46.729
3eb4e3c2-e7db-4e2f-9607-adba811afdf3,Caroline_Grant,$2a$10$MfvbIn/788.ErI46fSj.wOxj5fkPXlyBd2rlGY0w9CUCB0C2eIq6y,Roman Kertzmann,Annetta.Effertz@yahoo.com,https://avatars.githubusercontent.com/u/85165566,player,2024-10-25 19:24:46.729
d61505ce-c000-4d42-a4c5-e306a3cf44bc,Herbert.Kessler98,$2a$10$MfvbIn/788.ErI46fSj.wOxj5fkPXlyBd2rlGY0w9CUCB0C2eIq6y,Emelia Prosacco,Meaghan87@hotmail.com,https://avatars.githubusercontent.com/u/78027046,player,2024-10-25 19:24:46.729
9a7b1a84-0a1b-4fd7-8a97-0d19b0220a89,Jose.Shanahan47,$2a$10$MfvbIn/788.ErI46fSj.wOxj5fkPXlyBd2rlGY0w9CUCB0C2eIq6y,Sonia Gutmann,Dejah_Hoppe@hotmail.com,https://avatars.githubusercontent.com/u/24813018,admin,2024-10-25 19:24:46.729
c30ab121-dda6-40d2-8bb8-0b0d8e88f0c7,Karen12,$2a$10$MfvbIn/788.ErI46fSj.wOxj5fkPXlyBd2rlGY0w9CUCB0C2eIq6y,Toni Volkman,Margie39@gmail.com,https://avatars.githubusercontent.com/u/84106804,player,2024-10-25 19:24:46.729
d95df6c2-1ca6-4044-9bc7-4feb1ce9ae7e,Karelle3,$2a$10$MfvbIn/788.ErI46fSj.wOxj5fkPXlyBd2rlGY0w9CUCB0C2eIq6y,Rudolph Kshlerin,Schuyler26@gmail.com,https://avatars.githubusercontent.com/u/39487338,admin,2024-10-25 19:24:46.729
c19688ed-2a57-4ea4-b795-ae344d5aec8c,Xavier_Hansen62,$2a$10$MfvbIn/788.ErI46fSj.wOxj5fkPXlyBd2rlGY0w9CUCB0C2eIq6y,Francis Casper,Noah.OReilly@hotmail.com,https://avatars.githubusercontent.com/u/6900426,admin,2024-10-25 19:24:46.729
aec8a699-7d13-402a-ae12-a7f79e228ebb,Michele_Zulauf,$2a$10$MfvbIn/788.ErI46fSj.wOxj5fkPXlyBd2rlGY0w9CUCB0C2eIq6y,Otis Collins,Trudie32@yahoo.com,https://avatars.githubusercontent.com/u/74532325,player,2024-10-25 19:24:46.729
8cdbce80-2959-4734-bca8-4cd7e0c703b7,Kacie_Weissnat,$2a$10$MfvbIn/788.ErI46fSj.wOxj5fkPXlyBd2rlGY0w9CUCB0C2eIq6y,Kamille Barton,Kian.Rowe69@yahoo.com,https://avatars.githubusercontent.com/u/85148749,admin,2024-10-25 19:24:46.729
958663df-26f9-4f08-9fb9-43f42ee960c2,Maurine.Brown,$2a$10$MfvbIn/788.ErI46fSj.wOxj5fkPXlyBd2rlGY0w9CUCB0C2eIq6y,Werner Kuvalis,Imelda_Halvorson54@hotmail.com,https://avatars.githubusercontent.com/u/94731176,admin,2024-10-25 19:24:46.729
1d3ee7b4-3d65-44ae-826f-9afc3926b8de,Jorge_Hackett,$2a$10$MfvbIn/788.ErI46fSj.wOxj5fkPXlyBd2rlGY0w9CUCB0C2eIq6y,Dorothy Tremblay,Tod.Quitzon@yahoo.com,https://avatars.githubusercontent.com/u/13470899,player,2024-10-25 19:24:46.729
9cddd658-4fbb-4938-ae0d-9c210eb3a417,Helene_Bernhard,$2a$10$MfvbIn/788.ErI46fSj.wOxj5fkPXlyBd2rlGY0w9CUCB0C2eIq6y,Mariam Hickle,Skylar_Ward@hotmail.com,https://avatars.githubusercontent.com/u/61515910,admin,2024-10-25 19:24:46.729
6edbb68e-5adb-424c-89fa-7de2a475432b,Micah_Schuppe73,$2a$10$MfvbIn/788.ErI46fSj.wOxj5fkPXlyBd2rlGY0w9CUCB0C2eIq6y,Bud Carter,Jorge0@gmail.com,https://avatars.githubusercontent.com/u/60364692,admin,2024-10-25 19:24:46.729
f073b45a-f5bb-42a2-b7f7-a0f5f37567a4,Eula_Dietrich40,$2a$10$MfvbIn/788.ErI46fSj.wOxj5fkPXlyBd2rlGY0w9CUCB0C2eIq6y,Terence Bechtelar,Antonietta_Bosco59@hotmail.com,https://avatars.githubusercontent.com/u/6341139,admin,2024-10-25 19:24:46.729
9148c133-fa62-4ac1-ab31-2da359bb8055,Brady_Marquardt,$2a$10$MfvbIn/788.ErI46fSj.wOxj5fkPXlyBd2rlGY0w9CUCB0C2eIq6y,Margarita Nienow,Saul.Hansen93@yahoo.com,https://avatars.githubusercontent.com/u/18720279,admin,2024-10-25 19:24:46.729
2b662203-eeab-474f-9a05-826fe1d3c5dc,Dulce82,$2a$10$MfvbIn/788.ErI46fSj.wOxj5fkPXlyBd2rlGY0w9CUCB0C2eIq6y,Laury Quitzon,Sonya_Legros14@gmail.com,https://avatars.githubusercontent.com/u/78839451,admin,2024-10-25 19:24:46.729
fcd390ec-2505-4825-84fb-6473780e6b4c,Verda_Smith11,$2a$10$MfvbIn/788.ErI46fSj.wOxj5fkPXlyBd2rlGY0w9CUCB0C2eIq6y,Katherine Hayes,Kaleigh40@yahoo.com,https://avatars.githubusercontent.com/u/47419359,player,2024-10-25 19:24:46.729
d8c56564-8314-4778-adf7-423251e92a19,Alysa.Legros,$2a$10$MfvbIn/788.ErI46fSj.wOxj5fkPXlyBd2rlGY0w9CUCB0C2eIq6y,Adelbert Zieme,Cade_Balistreri@gmail.com,https://avatars.githubusercontent.com/u/89367487,player,2024-10-25 19:24:46.729
e746fd83-c97d-41d8-b85b-51d09c0f4a74,Consuelo.Lueilwitz,$2a$10$MfvbIn/788.ErI46fSj.wOxj5fkPXlyBd2rlGY0w9CUCB0C2eIq6y,Tiffany McClure,Taryn30@yahoo.com,https://avatars.githubusercontent.com/u/96738624,admin,2024-10-25 19:24:46.729
beb2ba76-a891-4719-a327-6b020235a14d,Terry.Mertz,$2a$10$MfvbIn/788.ErI46fSj.wOxj5fkPXlyBd2rlGY0w9CUCB0C2eIq6y,Cordia Dooley,Kenyatta_Klocko9@hotmail.com,https://avatars.githubusercontent.com/u/79648355,player,2024-10-25 19:24:46.729
c5b7da73-ca75-42da-8295-abf0fa67df3c,Tanya69,$2a$10$MfvbIn/788.ErI46fSj.wOxj5fkPXlyBd2rlGY0w9CUCB0C2eIq6y,Eleanora Hintz,Clifford_Barrows68@gmail.com,https://avatars.githubusercontent.com/u/80358593,player,2024-10-25 19:24:46.730
05d11ca0-b88f-48ea-a646-56b614735b9e,Alden.Schuppe,$2a$10$MfvbIn/788.ErI46fSj.wOxj5fkPXlyBd2rlGY0w9CUCB0C2eIq6y,Natasha Klein,Jamarcus_Schultz5@hotmail.com,https://avatars.githubusercontent.com/u/1905194,player,2024-10-25 19:24:46.730
a427ca6c-8115-417b-bd7a-24709b16245d,Berneice_Cronin,$2a$10$MfvbIn/788.ErI46fSj.wOxj5fkPXlyBd2rlGY0w9CUCB0C2eIq6y,Asha Heathcote,Halle58@hotmail.com,https://avatars.githubusercontent.com/u/19516257,admin,2024-10-25 19:24:46.730
f0da00e7-a792-42c1-a603-d7f758c14f68,Dandre_Miller,$2a$10$MfvbIn/788.ErI46fSj.wOxj5fkPXlyBd2rlGY0w9CUCB0C2eIq6y,Lon Dare,Cloyd.Jerde1@gmail.com,https://avatars.githubusercontent.com/u/72123752,admin,2024-10-25 19:24:46.730
c5dc2fa1-1dab-4b7e-a47e-ccbc08d53655,Terence.Dare22,$2a$10$MfvbIn/788.ErI46fSj.wOxj5fkPXlyBd2rlGY0w9CUCB0C2eIq6y,Kali Weber-Welch,Marianne.Monahan20@yahoo.com,https://avatars.githubusercontent.com/u/36890642,admin,2024-10-25 19:24:46.730
e3c9790c-d4da-48e3-bbcb-61b55a321122,Anita.Lynch93,$2a$10$MfvbIn/788.ErI46fSj.wOxj5fkPXlyBd2rlGY0w9CUCB0C2eIq6y,Beau Kertzmann,Vivien.Powlowski87@yahoo.com,https://avatars.githubusercontent.com/u/51577931,admin,2024-10-25 19:24:46.730
a13d1c92-88fd-480b-a576-b01207a239b8,Weston_Mante1,$2a$10$MfvbIn/788.ErI46fSj.wOxj5fkPXlyBd2rlGY0w9CUCB0C2eIq6y,Reid Kuhlman,Abner1@yahoo.com,https://avatars.githubusercontent.com/u/34979310,player,2024-10-25 19:24:46.730
71e7f1d3-e40d-46c3-9509-e085ad04355b,Jewel_Kuhn,$2a$10$MfvbIn/788.ErI46fSj.wOxj5fkPXlyBd2rlGY0w9CUCB0C2eIq6y,Amelie Kulas,Earnest.OHara@hotmail.com,https://avatars.githubusercontent.com/u/34743159,player,2024-10-25 19:24:46.730
19216493-65d3-4a95-98a6-42765379df67,Angie_Dach59,$2a$10$MfvbIn/788.ErI46fSj.wOxj5fkPXlyBd2rlGY0w9CUCB0C2eIq6y,Darius Johnston,Mathilde9@hotmail.com,https://avatars.githubusercontent.com/u/47888694,admin,2024-10-25 19:24:46.730
46c47848-7bbe-43ae-8d21-b21e0d8eebe9,Armani.Reinger35,$2a$10$MfvbIn/788.ErI46fSj.wOxj5fkPXlyBd2rlGY0w9CUCB0C2eIq6y,Kiley Miller,Jacquelyn66@gmail.com,https://avatars.githubusercontent.com/u/4296797,player,2024-10-25 19:24:46.730
a07016ae-dc61-40c4-99dd-4302897028bb,Alexandrea.Abshire,$2a$10$MfvbIn/788.ErI46fSj.wOxj5fkPXlyBd2rlGY0w9CUCB0C2eIq6y,Sean Kris,Axel.Kirlin@hotmail.com,https://avatars.githubusercontent.com/u/12897144,admin,2024-10-25 19:24:46.730
82e5e047-beb3-4c04-87a7-bff7b8b1386e,Don60,$2a$10$MfvbIn/788.ErI46fSj.wOxj5fkPXlyBd2rlGY0w9CUCB0C2eIq6y,Jesus Sawayn,Verdie76@gmail.com,https://avatars.githubusercontent.com/u/58424137,admin,2024-10-25 19:24:46.730
355f4db7-29d2-4920-90d8-5d27c440c47d,Myles_Pollich7,$2a$10$MfvbIn/788.ErI46fSj.wOxj5fkPXlyBd2rlGY0w9CUCB0C2eIq6y,Olen Mante,Percival_Huel28@yahoo.com,https://avatars.githubusercontent.com/u/14443812,admin,2024-10-25 19:24:46.730
54527d7f-c769-4b22-b46e-603fe91e2d73,Bridgette11,$2a$10$MfvbIn/788.ErI46fSj.wOxj5fkPXlyBd2rlGY0w9CUCB0C2eIq6y,Torey Steuber,Mossie_Kerluke@hotmail.com,https://avatars.githubusercontent.com/u/25475432,admin,2024-10-25 19:24:46.730
87849aa6-64b8-4cb0-8cf6-2d5c5d5d7484,Matilda66,$2a$10$MfvbIn/788.ErI46fSj.wOxj5fkPXlyBd2rlGY0w9CUCB0C2eIq6y,Colton Mueller,Emilia.McCullough-McCullough98@yahoo.com,https://avatars.githubusercontent.com/u/70736096,admin,2024-10-25 19:24:46.730
b8360d73-923e-47f2-947e-34affd7de327,Ollie.Ward,$2a$10$MfvbIn/788.ErI46fSj.wOxj5fkPXlyBd2rlGY0w9CUCB0C2eIq6y,Gregoria Ullrich-Nitzsche,Sandy.Cartwright27@gmail.com,https://avatars.githubusercontent.com/u/87309069,player,2024-10-25 19:24:46.730
9f485e58-82e8-43a9-b5ee-988fb19d2315,Orville59,$2a$10$MfvbIn/788.ErI46fSj.wOxj5fkPXlyBd2rlGY0w9CUCB0C2eIq6y,Kayleigh Keeling,Kylee.Grimes@yahoo.com,https://avatars.githubusercontent.com/u/51957355,admin,2024-10-25 19:24:46.730
8a50a9a7-daf6-401b-88f1-4fb23dfac3b6,Pablo.Sporer78,$2a$10$MfvbIn/788.ErI46fSj.wOxj5fkPXlyBd2rlGY0w9CUCB0C2eIq6y,Dell Daugherty,Yazmin_Lang@hotmail.com,https://avatars.githubusercontent.com/u/14329612,admin,2024-10-25 19:24:46.730
65be34ec-6e03-4f86-aebb-5e54d9d1a0a5,Cydney28,$2a$10$MfvbIn/788.ErI46fSj.wOxj5fkPXlyBd2rlGY0w9CUCB0C2eIq6y,Ettie Mann,Felipe_Thiel@gmail.com,https://avatars.githubusercontent.com/u/38490311,admin,2024-10-25 19:24:46.730
0b751e53-bcba-4015-b885-012c27ce505d,Denis_Gottlieb90,$2a$10$MfvbIn/788.ErI46fSj.wOxj5fkPXlyBd2rlGY0w9CUCB0C2eIq6y,Carey Lowe,Antonette_Runolfsson9@yahoo.com,https://avatars.githubusercontent.com/u/59194986,admin,2024-10-25 19:24:46.730
66c5d093-33ad-421a-9727-b07ba7ee19de,Marlen_Gleichner73,$2a$10$MfvbIn/788.ErI46fSj.wOxj5fkPXlyBd2rlGY0w9CUCB0C2eIq6y,Monty Kris,Elnora.Goyette60@hotmail.com,https://avatars.githubusercontent.com/u/50948957,player,2024-10-25 19:24:46.730
866996ee-3e86-4990-85b7-0e12acbaf55b,Quinton.Wilkinson,$2a$10$MfvbIn/788.ErI46fSj.wOxj5fkPXlyBd2rlGY0w9CUCB0C2eIq6y,Dameon Rice,Myrna.Wuckert@hotmail.com,https://avatars.githubusercontent.com/u/34514571,player,2024-10-25 19:24:46.730
53691931-3a1a-4aee-bad7-0aa8c597891a,Mandy_Bode,$2a$10$MfvbIn/788.ErI46fSj.wOxj5fkPXlyBd2rlGY0w9CUCB0C2eIq6y,Nelson Harber,Zella_Emmerich@yahoo.com,https://avatars.githubusercontent.com/u/33980446,player,2024-10-25 19:24:46.730
a57f4e8d-c3e9-4cd4-9142-60f90b835da5,Ariane22,$2a$10$MfvbIn/788.ErI46fSj.wOxj5fkPXlyBd2rlGY0w9CUCB0C2eIq6y,Liza Bogisich,Lelah29@gmail.com,https://avatars.githubusercontent.com/u/71105552,admin,2024-10-25 19:24:46.730
33c41ca1-caf2-496f-841d-3bb8e931584d,Glen_Labadie,$2a$10$MfvbIn/788.ErI46fSj.wOxj5fkPXlyBd2rlGY0w9CUCB0C2eIq6y,Jamie McClure,Jaime_Conn40@gmail.com,https://avatars.githubusercontent.com/u/84205808,admin,2024-10-25 19:24:46.730
e1d04ddf-fd05-4239-8c7e-64b332b8e0e7,Camilla.Trantow14,$2a$10$MfvbIn/788.ErI46fSj.wOxj5fkPXlyBd2rlGY0w9CUCB0C2eIq6y,Scottie Mosciski,Freeman72@hotmail.com,https://avatars.githubusercontent.com/u/60912438,admin,2024-10-25 19:24:46.730
3abe0639-c6a6-4a7b-ab80-8e5290990666,Gladyce94,$2a$10$MfvbIn/788.ErI46fSj.wOxj5fkPXlyBd2rlGY0w9CUCB0C2eIq6y,Abigail Doyle,Milan_Halvorson49@hotmail.com,https://avatars.githubusercontent.com/u/72598043,player,2024-10-25 19:24:46.730
7a5b3381-92b3-49aa-8d65-e9b8e2a55efa,Duncan_Boehm29,$2a$10$MfvbIn/788.ErI46fSj.wOxj5fkPXlyBd2rlGY0w9CUCB0C2eIq6y,Nolan Waelchi-Kiehn,America41@hotmail.com,https://avatars.githubusercontent.com/u/76816569,player,2024-10-25 19:24:46.730
41438663-a042-4e42-b313-eb362d1d6042,Agustina.Oberbrunner,$2a$10$MfvbIn/788.ErI46fSj.wOxj5fkPXlyBd2rlGY0w9CUCB0C2eIq6y,Oran Parisian,Gabe58@gmail.com,https://avatars.githubusercontent.com/u/10645866,player,2024-10-25 19:24:46.730
1971be7d-335f-4d34-a616-27f4b57459b4,Frances29,$2a$10$MfvbIn/788.ErI46fSj.wOxj5fkPXlyBd2rlGY0w9CUCB0C2eIq6y,Moises Purdy,Graham28@yahoo.com,https://avatars.githubusercontent.com/u/94732603,admin,2024-10-25 19:24:46.730
06923e25-8fd1-423e-b123-b71e14bb2fe5,Jerrold48,$2a$10$MfvbIn/788.ErI46fSj.wOxj5fkPXlyBd2rlGY0w9CUCB0C2eIq6y,Grace Toy,Oswaldo97@yahoo.com,https://avatars.githubusercontent.com/u/22776040,player,2024-10-25 19:24:46.730
bcb4d31b-fce4-43cc-96a5-069152fd8582,Berniece10,$2a$10$MfvbIn/788.ErI46fSj.wOxj5fkPXlyBd2rlGY0w9CUCB0C2eIq6y,Amos Schowalter,Delia.Crooks71@yahoo.com,https://avatars.githubusercontent.com/u/21749251,admin,2024-10-25 19:24:46.730
0087a436-e4a8-441f-b181-543615a700aa,Phoebe40,$2a$10$MfvbIn/788.ErI46fSj.wOxj5fkPXlyBd2rlGY0w9CUCB0C2eIq6y,Angel Cummerata,Arielle_Hayes@hotmail.com,https://avatars.githubusercontent.com/u/5321579,admin,2024-10-25 19:24:46.730
82ac8e9f-5f20-4349-975b-868b9b25ebb5,Cierra.Lakin-Crist,$2a$10$MfvbIn/788.ErI46fSj.wOxj5fkPXlyBd2rlGY0w9CUCB0C2eIq6y,Janessa Stroman,Geovanni.Lockman24@hotmail.com,https://avatars.githubusercontent.com/u/22960313,admin,2024-10-25 19:24:46.730
e1132375-230d-40ba-aa9e-5d79374c304d,Walton74,$2a$10$MfvbIn/788.ErI46fSj.wOxj5fkPXlyBd2rlGY0w9CUCB0C2eIq6y,Lorena Ankunding,Niko87@gmail.com,https://avatars.githubusercontent.com/u/21895924,player,2024-10-25 19:24:46.730
7c380f44-000f-451a-b1bb-b1f190f6f90b,Marshall13,$2a$10$MfvbIn/788.ErI46fSj.wOxj5fkPXlyBd2rlGY0w9CUCB0C2eIq6y,Terence Nolan,Dahlia_Zieme19@gmail.com,https://avatars.githubusercontent.com/u/58017862,player,2024-10-25 19:24:46.730
05039e56-d03f-45f4-8837-80154ac7c2d1,Kiara.Ondricka,$2a$10$MfvbIn/788.ErI46fSj.wOxj5fkPXlyBd2rlGY0w9CUCB0C2eIq6y,Kayley Wiza,Gust_Bergnaum@hotmail.com,https://avatars.githubusercontent.com/u/23964695,player,2024-10-25 19:24:46.730
ee0f8ff5-51b7-46bd-85d8-f06eed2a57cd,Jeanne31,$2a$10$MfvbIn/788.ErI46fSj.wOxj5fkPXlyBd2rlGY0w9CUCB0C2eIq6y,Baylee Reilly,Georgianna.Padberg@hotmail.com,https://avatars.githubusercontent.com/u/25395550,admin,2024-10-25 19:24:46.730
634b84a0-4938-4a57-bdbe-4879ca144b48,Kenneth_Hills21,$2a$10$MfvbIn/788.ErI46fSj.wOxj5fkPXlyBd2rlGY0w9CUCB0C2eIq6y,Liam Flatley,Rosa.Greenholt26@yahoo.com,https://avatars.githubusercontent.com/u/92775332,admin,2024-10-25 19:24:46.730
36fed198-0e54-4dbc-ad5d-f5ff80a023a4,Raoul76,$2a$10$MfvbIn/788.ErI46fSj.wOxj5fkPXlyBd2rlGY0w9CUCB0C2eIq6y,Eusebio King,Destin86@hotmail.com,https://avatars.githubusercontent.com/u/52974351,player,2024-10-25 19:24:46.730
7043bf22-34b1-4a90-ad81-444f556d3ba5,Sean.Stiedemann,$2a$10$MfvbIn/788.ErI46fSj.wOxj5fkPXlyBd2rlGY0w9CUCB0C2eIq6y,Assunta Wintheiser-Schamberger,Kelli96@gmail.com,https://avatars.githubusercontent.com/u/23457306,admin,2024-10-25 19:24:46.730
9efaab27-4f97-4c5d-b06d-4f725283b8f9,Ansel_Green15,$2a$10$MfvbIn/788.ErI46fSj.wOxj5fkPXlyBd2rlGY0w9CUCB0C2eIq6y,Fae Friesen,Gladys.Hilpert75@yahoo.com,https://avatars.githubusercontent.com/u/3651158,player,2024-10-25 19:24:46.730
bb877da4-e363-4d44-80e6-21496dfed852,Zella_Kunde-Leannon9,$2a$10$MfvbIn/788.ErI46fSj.wOxj5fkPXlyBd2rlGY0w9CUCB0C2eIq6y,Jude Herman,Laurine.Kub@gmail.com,https://avatars.githubusercontent.com/u/9243549,player,2024-10-25 19:24:46.730
4992c1be-a00e-43ca-b35b-1367a2899c72,Marilie.Stracke38,$2a$10$MfvbIn/788.ErI46fSj.wOxj5fkPXlyBd2rlGY0w9CUCB0C2eIq6y,Roberta Bins,Colin4@gmail.com,https://avatars.githubusercontent.com/u/25034050,player,2024-10-25 19:24:46.730
5a90d31c-fa50-490e-9945-a52bcc0ba57f,Una_Bruen84,$2a$10$MfvbIn/788.ErI46fSj.wOxj5fkPXlyBd2rlGY0w9CUCB0C2eIq6y,Jasen Denesik,Anne.Von@gmail.com,https://avatars.githubusercontent.com/u/33781247,admin,2024-10-25 19:24:46.730
35dbc5ec-8480-4a85-bc13-2dd60851e03c,Lexie.Boyle16,$2a$10$MfvbIn/788.ErI46fSj.wOxj5fkPXlyBd2rlGY0w9CUCB0C2eIq6y,Cyril Rowe,Dane.Franecki@hotmail.com,https://avatars.githubusercontent.com/u/43354521,admin,2024-10-25 19:24:46.730
cf9a2eb5-2cdf-4f60-8738-0fb416551ac8,Vincenza24,$2a$10$MfvbIn/788.ErI46fSj.wOxj5fkPXlyBd2rlGY0w9CUCB0C2eIq6y,Levi Keeling,Sophia.Koelpin@gmail.com,https://avatars.githubusercontent.com/u/38122588,player,2024-10-25 19:24:46.730
4cb1f14b-b90c-4fb4-a1dd-f577a08fcef3,Adolphus22,$2a$10$MfvbIn/788.ErI46fSj.wOxj5fkPXlyBd2rlGY0w9CUCB0C2eIq6y,Lessie Braun,Carlos.Shanahan76@gmail.com,https://avatars.githubusercontent.com/u/42730715,admin,2024-10-25 19:24:46.730
bd0d16fd-9859-4f31-a230-3901749d9694,Pauline20,$2a$10$MfvbIn/788.ErI46fSj.wOxj5fkPXlyBd2rlGY0w9CUCB0C2eIq6y,Haven Simonis,Chyna.Towne@yahoo.com,https://avatars.githubusercontent.com/u/88808389,player,2024-10-25 19:24:46.730
7c8218e5-e5ec-4644-ab69-48d17896324e,Graciela.Grady45,$2a$10$MfvbIn/788.ErI46fSj.wOxj5fkPXlyBd2rlGY0w9CUCB0C2eIq6y,Della Zulauf,Brennan51@yahoo.com,https://avatars.githubusercontent.com/u/67639411,admin,2024-10-25 19:24:46.731
92b86acb-8604-434f-8b40-5b9c35d8c5dc,Berniece.Hartmann,$2a$10$MfvbIn/788.ErI46fSj.wOxj5fkPXlyBd2rlGY0w9CUCB0C2eIq6y,Kara Feeney,Shanna31@gmail.com,https://avatars.githubusercontent.com/u/9601639,admin,2024-10-25 19:24:46.731
1f00e20e-b610-42a7-a29a-27e88f7ffa14,Elfrieda85,$2a$10$MfvbIn/788.ErI46fSj.wOxj5fkPXlyBd2rlGY0w9CUCB0C2eIq6y,Willard Bashirian,Harley6@gmail.com,https://avatars.githubusercontent.com/u/84190857,player,2024-10-25 19:24:46.731
16b7fe3d-e8d5-4900-be9d-4af701c05873,Eryn.Ondricka84,$2a$10$MfvbIn/788.ErI46fSj.wOxj5fkPXlyBd2rlGY0w9CUCB0C2eIq6y,Colin Halvorson,Mariah.Dare@yahoo.com,https://avatars.githubusercontent.com/u/59218616,player,2024-10-25 19:24:46.731
74c4cc8f-2734-477a-ae73-c738bee5a811,Jan.Bergnaum,$2a$10$MfvbIn/788.ErI46fSj.wOxj5fkPXlyBd2rlGY0w9CUCB0C2eIq6y,Jaylen Lehner,Lavern1@gmail.com,https://avatars.githubusercontent.com/u/90463310,admin,2024-10-25 19:24:46.731
405f52b8-a1d3-44ec-a55e-335c6af877de,Bo_Hessel62,$2a$10$MfvbIn/788.ErI46fSj.wOxj5fkPXlyBd2rlGY0w9CUCB0C2eIq6y,Paolo Smitham,Adrian.Littel18@gmail.com,https://avatars.githubusercontent.com/u/53218333,admin,2024-10-25 19:24:46.731
01fa5a68-7609-4f83-b0c0-8e892a6adcdf,Asa16,$2a$10$MfvbIn/788.ErI46fSj.wOxj5fkPXlyBd2rlGY0w9CUCB0C2eIq6y,Aylin Fay-Stokes,Raquel0@hotmail.com,https://avatars.githubusercontent.com/u/16744270,admin,2024-10-25 19:24:46.731
d4fbbab7-19ce-4853-9778-1db370c0a6fe,Eldred_Fahey,$2a$10$MfvbIn/788.ErI46fSj.wOxj5fkPXlyBd2rlGY0w9CUCB0C2eIq6y,Ottilie Gislason,Stella_Funk58@hotmail.com,https://avatars.githubusercontent.com/u/33136709,player,2024-10-25 19:24:46.731
cc39f663-733b-4c0e-ba97-e591007cbcd9,Gladys86,$2a$10$MfvbIn/788.ErI46fSj.wOxj5fkPXlyBd2rlGY0w9CUCB0C2eIq6y,Brando Nolan,Lenna_Homenick-Crooks35@hotmail.com,https://avatars.githubusercontent.com/u/73368193,player,2024-10-25 19:24:46.731
4523de69-107c-42fb-b988-1e44acef266e,Nicole.Willms77,$2a$10$MfvbIn/788.ErI46fSj.wOxj5fkPXlyBd2rlGY0w9CUCB0C2eIq6y,Aletha Beahan,Laisha.Pacocha@gmail.com,https://avatars.githubusercontent.com/u/16329403,admin,2024-10-25 19:24:46.731
146e4361-7d8c-4363-aaf1-db5143a9fbd0,Flo_Adams65,$2a$10$MfvbIn/788.ErI46fSj.wOxj5fkPXlyBd2rlGY0w9CUCB0C2eIq6y,Rubie Breitenberg,Haylee.Koelpin69@gmail.com,https://avatars.githubusercontent.com/u/16167805,player,2024-10-25 19:24:46.731
2c079acb-57d9-4df2-9bfc-c711838ad771,Rashawn69,$2a$10$MfvbIn/788.ErI46fSj.wOxj5fkPXlyBd2rlGY0w9CUCB0C2eIq6y,Raul Braun,Helene_Keeling12@hotmail.com,https://avatars.githubusercontent.com/u/58032553,admin,2024-10-25 19:24:46.731
626a7500-ead8-4b90-b809-e8380254acf8,Glenna.Quitzon71,$2a$10$MfvbIn/788.ErI46fSj.wOxj5fkPXlyBd2rlGY0w9CUCB0C2eIq6y,Lorenzo Kuvalis,Jade16@gmail.com,https://avatars.githubusercontent.com/u/99185537,player,2024-10-25 19:24:46.731
1f2f9a12-f80c-47d4-9970-0943c71c2441,Coby_Labadie45,$2a$10$MfvbIn/788.ErI46fSj.wOxj5fkPXlyBd2rlGY0w9CUCB0C2eIq6y,Antonia Oberbrunner,Elsie45@hotmail.com,https://avatars.githubusercontent.com/u/85350144,player,2024-10-25 19:24:46.731
923aa022-b562-4421-9edb-a518deb67706,Demetris_White79,$2a$10$MfvbIn/788.ErI46fSj.wOxj5fkPXlyBd2rlGY0w9CUCB0C2eIq6y,Susan Hackett,Sabrina_Hackett61@gmail.com,https://avatars.githubusercontent.com/u/52962522,player,2024-10-25 19:24:46.731
45d95ecd-cb46-4774-93c4-5653edc52e82,Ludwig67,$2a$10$MfvbIn/788.ErI46fSj.wOxj5fkPXlyBd2rlGY0w9CUCB0C2eIq6y,Zack Ernser,Breanna_Cummings@yahoo.com,https://avatars.githubusercontent.com/u/77471101,admin,2024-10-25 19:24:46.731
cc2d0f57-b9ec-4705-ab30-dfb9db1d2db3,Antwon.Fahey42,$2a$10$MfvbIn/788.ErI46fSj.wOxj5fkPXlyBd2rlGY0w9CUCB0C2eIq6y,Jerad Volkman,Rowena6@hotmail.com,https://avatars.githubusercontent.com/u/99425390,player,2024-10-25 19:24:46.731
51b505f2-3652-40eb-956d-9f2d601a0991,Richmond4,$2a$10$MfvbIn/788.ErI46fSj.wOxj5fkPXlyBd2rlGY0w9CUCB0C2eIq6y,Nia Dickens,Demarcus.Padberg86@hotmail.com,https://avatars.githubusercontent.com/u/71991276,player,2024-10-25 19:24:46.731
0aece62c-7a8d-43fa-b6ad-ea9761db5001,Caitlyn72,$2a$10$MfvbIn/788.ErI46fSj.wOxj5fkPXlyBd2rlGY0w9CUCB0C2eIq6y,Lyric Hammes,Frederik47@hotmail.com,https://avatars.githubusercontent.com/u/353099,admin,2024-10-25 19:24:46.731
f326bdc2-ded8-4525-a75d-306234907410,Dasia92,$2a$10$MfvbIn/788.ErI46fSj.wOxj5fkPXlyBd2rlGY0w9CUCB0C2eIq6y,Brock Lynch,Kennedi6@hotmail.com,https://avatars.githubusercontent.com/u/7054989,player,2024-10-25 19:24:46.731
952dd358-49db-4950-bdb4-f476ea697f20,Myrtie23,$2a$10$MfvbIn/788.ErI46fSj.wOxj5fkPXlyBd2rlGY0w9CUCB0C2eIq6y,Ozella Leffler,Michael.Crist44@hotmail.com,https://avatars.githubusercontent.com/u/95003307,admin,2024-10-25 19:24:46.731
16d3f458-4096-47cb-81ae-30e0d5ac86da,Eveline.Roberts,$2a$10$MfvbIn/788.ErI46fSj.wOxj5fkPXlyBd2rlGY0w9CUCB0C2eIq6y,Ruben Mertz,Allie.Schumm@hotmail.com,https://avatars.githubusercontent.com/u/76255930,player,2024-10-25 19:24:46.731
83e40784-7ee1-4ba6-80e3-cf50297ade4d,Dillan.Hartmann,$2a$10$MfvbIn/788.ErI46fSj.wOxj5fkPXlyBd2rlGY0w9CUCB0C2eIq6y,Maya Padberg,Eldred_Goyette-Beatty80@hotmail.com,https://avatars.githubusercontent.com/u/1252429,player,2024-10-25 19:24:46.731
bd104e84-be7e-4550-bef3-bfb290fbef5d,Rico_Feeney89,$2a$10$MfvbIn/788.ErI46fSj.wOxj5fkPXlyBd2rlGY0w9CUCB0C2eIq6y,Twila Sporer,Janiya65@gmail.com,https://avatars.githubusercontent.com/u/80116637,admin,2024-10-25 19:24:46.731
6f49fc3c-4f79-4f98-a4da-b702105f4495,Dominique_Feil32,$2a$10$MfvbIn/788.ErI46fSj.wOxj5fkPXlyBd2rlGY0w9CUCB0C2eIq6y,Dariana Osinski,Rollin.Pfannerstill25@yahoo.com,https://avatars.githubusercontent.com/u/88454312,player,2024-10-25 19:24:46.731
376f28da-4cfd-48fd-af2e-ef96bf975196,Isobel.Hagenes66,$2a$10$MfvbIn/788.ErI46fSj.wOxj5fkPXlyBd2rlGY0w9CUCB0C2eIq6y,Pearlie Hettinger,Madyson.Treutel2@gmail.com,https://avatars.githubusercontent.com/u/40471036,player,2024-10-25 19:24:46.731
b3690a4a-188b-48c6-bdf0-c65885224dd8,Brant.Bode,$2a$10$MfvbIn/788.ErI46fSj.wOxj5fkPXlyBd2rlGY0w9CUCB0C2eIq6y,Glennie Friesen,Syble.Blick@yahoo.com,https://avatars.githubusercontent.com/u/89726934,player,2024-10-25 19:24:46.731
4b1da458-e710-4fa4-bec8-ac947c59acee,Zane_Kling,$2a$10$MfvbIn/788.ErI46fSj.wOxj5fkPXlyBd2rlGY0w9CUCB0C2eIq6y,Moshe Johns,Carolyne.White@gmail.com,https://avatars.githubusercontent.com/u/60392494,admin,2024-10-25 19:24:46.731
0ada30a6-1d61-4946-bb84-7f3249095b00,Reinhold.Corkery45,$2a$10$MfvbIn/788.ErI46fSj.wOxj5fkPXlyBd2rlGY0w9CUCB0C2eIq6y,Maxwell Mraz,Tom.Schoen98@hotmail.com,https://avatars.githubusercontent.com/u/81601713,player,2024-10-25 19:24:46.731
e7534a15-58e7-4136-8581-9e47bf874419,Guillermo.Thompson,$2a$10$MfvbIn/788.ErI46fSj.wOxj5fkPXlyBd2rlGY0w9CUCB0C2eIq6y,Erwin Mraz,Kaelyn_Schinner@gmail.com,https://avatars.githubusercontent.com/u/76333246,player,2024-10-25 19:24:46.731
46fcdaf2-f913-4164-a1c1-3b41e67c52f6,Haven93,$2a$10$MfvbIn/788.ErI46fSj.wOxj5fkPXlyBd2rlGY0w9CUCB0C2eIq6y,Bessie Koelpin,Shyann34@hotmail.com,https://avatars.githubusercontent.com/u/18927677,player,2024-10-25 19:24:46.731
9df68cec-e64e-40d6-8906-76bf88d63f0d,Lorena.Kessler,$2a$10$MfvbIn/788.ErI46fSj.wOxj5fkPXlyBd2rlGY0w9CUCB0C2eIq6y,Clifton Walker,Alia83@hotmail.com,https://avatars.githubusercontent.com/u/76343800,admin,2024-10-25 19:24:46.731
a8f6ab62-7b5d-4953-8230-30c7c81ae161,Brigitte98,$2a$10$MfvbIn/788.ErI46fSj.wOxj5fkPXlyBd2rlGY0w9CUCB0C2eIq6y,Mathias Price,Frank.Harber@yahoo.com,https://avatars.githubusercontent.com/u/85558765,player,2024-10-25 19:24:46.731
34b48b68-98c8-4e24-aef1-b4e685f205dc,Francesco_Feil51,$2a$10$MfvbIn/788.ErI46fSj.wOxj5fkPXlyBd2rlGY0w9CUCB0C2eIq6y,Rashad Gerlach,Brant95@yahoo.com,https://avatars.githubusercontent.com/u/53443924,player,2024-10-25 19:24:46.731
c8fedbf7-aefb-4c37-8fda-84271c136655,Rogers95,$2a$10$MfvbIn/788.ErI46fSj.wOxj5fkPXlyBd2rlGY0w9CUCB0C2eIq6y,Samantha Wilkinson,Sid73@hotmail.com,https://avatars.githubusercontent.com/u/55951506,admin,2024-10-25 19:24:46.731
2d46e0cf-951c-463a-83ea-04bd69db4a51,Delaney_Shanahan81,$2a$10$MfvbIn/788.ErI46fSj.wOxj5fkPXlyBd2rlGY0w9CUCB0C2eIq6y,Margarita Deckow,Vincent.Wilderman62@gmail.com,https://avatars.githubusercontent.com/u/80209782,admin,2024-10-25 19:24:46.731
6e31bf2b-8719-4d23-9dc2-db69a77782be,Chyna_Ryan,$2a$10$MfvbIn/788.ErI46fSj.wOxj5fkPXlyBd2rlGY0w9CUCB0C2eIq6y,Roxane Bogan-Price,Leonie_Stracke7@hotmail.com,https://avatars.githubusercontent.com/u/18794711,admin,2024-10-25 19:24:46.731
0aec6473-97d1-4dec-accb-5f1fc45592b7,Darren7,$2a$10$MfvbIn/788.ErI46fSj.wOxj5fkPXlyBd2rlGY0w9CUCB0C2eIq6y,Thora Barton,Magdalena6@yahoo.com,https://avatars.githubusercontent.com/u/58996073,admin,2024-10-25 19:24:46.731
3d09bf9d-baeb-4b25-830f-efde9952d63a,Zelda.Willms,$2a$10$MfvbIn/788.ErI46fSj.wOxj5fkPXlyBd2rlGY0w9CUCB0C2eIq6y,Deangelo Schoen-Kovacek,Lorna_Gerlach19@hotmail.com,https://avatars.githubusercontent.com/u/10020581,admin,2024-10-25 19:24:46.731
8f2be9b6-c6c0-4236-8ecb-f16f062ea871,Katharina83,$2a$10$MfvbIn/788.ErI46fSj.wOxj5fkPXlyBd2rlGY0w9CUCB0C2eIq6y,Talia Keebler,Jacinto_Rohan@gmail.com,https://avatars.githubusercontent.com/u/97605991,admin,2024-10-25 19:24:46.731
84307a9e-cc04-4022-8551-327690e356f6,Lisette49,$2a$10$MfvbIn/788.ErI46fSj.wOxj5fkPXlyBd2rlGY0w9CUCB0C2eIq6y,Dee Hegmann,Mina.Reichert51@hotmail.com,https://avatars.githubusercontent.com/u/96261381,player,2024-10-25 19:24:46.731
75e7d438-82d6-4d46-a77a-d4657b6fe55c,Andy55,$2a$10$MfvbIn/788.ErI46fSj.wOxj5fkPXlyBd2rlGY0w9CUCB0C2eIq6y,Alek Kulas,Damien.Wilderman@yahoo.com,https://avatars.githubusercontent.com/u/49328746,player,2024-10-25 19:24:46.731
a4afcbab-878d-4a95-b492-d78d86eefd41,Haylee23,$2a$10$MfvbIn/788.ErI46fSj.wOxj5fkPXlyBd2rlGY0w9CUCB0C2eIq6y,Brian Collier,Adela44@hotmail.com,https://avatars.githubusercontent.com/u/52926467,admin,2024-10-25 19:24:46.731
dfefd4a0-c124-4948-9f42-ae0d04869cce,Lottie.Parisian4,$2a$10$MfvbIn/788.ErI46fSj.wOxj5fkPXlyBd2rlGY0w9CUCB0C2eIq6y,Elijah Lueilwitz,Dereck77@gmail.com,https://avatars.githubusercontent.com/u/66441680,admin,2024-10-25 19:24:46.732
2cb1d159-6771-493b-be7d-780bccd2d8ed,Suzanne.Sauer,$2a$10$MfvbIn/788.ErI46fSj.wOxj5fkPXlyBd2rlGY0w9CUCB0C2eIq6y,Jamie Murphy,Ramiro_Bosco@yahoo.com,https://avatars.githubusercontent.com/u/78217476,player,2024-10-25 19:24:46.732
84aa3ef6-fcc1-4c5f-9cb9-cb37e05b3d65,Mortimer8,$2a$10$MfvbIn/788.ErI46fSj.wOxj5fkPXlyBd2rlGY0w9CUCB0C2eIq6y,Liliane Robel,Rogelio.OKon51@yahoo.com,https://avatars.githubusercontent.com/u/28596477,player,2024-10-25 19:24:46.732
8318fb51-ca83-4b92-89f8-b14a3fc2e3ed,Foster.Sawayn,$2a$10$MfvbIn/788.ErI46fSj.wOxj5fkPXlyBd2rlGY0w9CUCB0C2eIq6y,Arjun Gerlach,Deanna64@gmail.com,https://avatars.githubusercontent.com/u/4147592,admin,2024-10-25 19:24:46.732
b8624212-f26d-485a-8961-97a6063dfdfa,Veda.Hammes,$2a$10$MfvbIn/788.ErI46fSj.wOxj5fkPXlyBd2rlGY0w9CUCB0C2eIq6y,Susanna Schmidt,Joe41@yahoo.com,https://avatars.githubusercontent.com/u/58632989,admin,2024-10-25 19:24:46.732
255ec702-6a58-465d-9305-b61e3034419d,Maggie_Bauch14,$2a$10$MfvbIn/788.ErI46fSj.wOxj5fkPXlyBd2rlGY0w9CUCB0C2eIq6y,Sonya Ruecker,Kali_Doyle86@hotmail.com,https://avatars.githubusercontent.com/u/88485348,player,2024-10-25 19:24:46.732
66c18e44-b41e-4d72-8df6-828d3bed791c,Steve.Ondricka88,$2a$10$MfvbIn/788.ErI46fSj.wOxj5fkPXlyBd2rlGY0w9CUCB0C2eIq6y,Hailey Cruickshank,Devon_Powlowski-Jakubowski@hotmail.com,https://avatars.githubusercontent.com/u/23830205,player,2024-10-25 19:24:46.732
963caecc-2525-430c-9a04-bdc9045e9df2,Cole_Steuber,$2a$10$MfvbIn/788.ErI46fSj.wOxj5fkPXlyBd2rlGY0w9CUCB0C2eIq6y,Broderick Funk,Josiah_Schamberger18@gmail.com,https://avatars.githubusercontent.com/u/38344928,player,2024-10-25 19:24:46.732
eb7e923a-0505-4f4a-aed8-6672ae85155a,Charlene35,$2a$10$MfvbIn/788.ErI46fSj.wOxj5fkPXlyBd2rlGY0w9CUCB0C2eIq6y,Lafayette Muller,Elsie.Beer79@gmail.com,https://avatars.githubusercontent.com/u/7696839,player,2024-10-25 19:24:46.732
b5fbe288-536b-402f-b3cf-33eba8c341ce,Jacklyn.Gusikowski18,$2a$10$MfvbIn/788.ErI46fSj.wOxj5fkPXlyBd2rlGY0w9CUCB0C2eIq6y,Pablo Bayer,Hyman_VonRueden@hotmail.com,https://avatars.githubusercontent.com/u/91012218,admin,2024-10-25 19:24:46.732
8ad300f3-bbfd-40b4-9869-914a800b0b51,Lucinda60,$2a$10$MfvbIn/788.ErI46fSj.wOxj5fkPXlyBd2rlGY0w9CUCB0C2eIq6y,Donnie Keebler,Christophe33@hotmail.com,https://avatars.githubusercontent.com/u/51468240,player,2024-10-25 19:24:46.732
fce4f33a-be32-4a20-99e0-5945e3966aed,Chanelle_Dibbert-Schiller,$2a$10$MfvbIn/788.ErI46fSj.wOxj5fkPXlyBd2rlGY0w9CUCB0C2eIq6y,Amir Wiegand,Barrett.Kohler@gmail.com,https://avatars.githubusercontent.com/u/8413219,admin,2024-10-25 19:24:46.732
96121b52-e661-48ae-b249-096fcc4b0d3b,Mayra_Donnelly,$2a$10$MfvbIn/788.ErI46fSj.wOxj5fkPXlyBd2rlGY0w9CUCB0C2eIq6y,Marcel Daniel,Lenny_Kohler@hotmail.com,https://avatars.githubusercontent.com/u/12559913,player,2024-10-25 19:24:46.732
5f75139a-ded2-49d7-8fa2-8654e24c9e2f,Estell60,$2a$10$MfvbIn/788.ErI46fSj.wOxj5fkPXlyBd2rlGY0w9CUCB0C2eIq6y,Anabelle Schmitt,Nicolas44@yahoo.com,https://avatars.githubusercontent.com/u/76594988,admin,2024-10-25 19:24:46.732
b7a8edc1-2fea-4845-a29b-4947048faae6,Katelin_Fritsch3,$2a$10$MfvbIn/788.ErI46fSj.wOxj5fkPXlyBd2rlGY0w9CUCB0C2eIq6y,Litzy West,Meaghan_Ernser@gmail.com,https://avatars.githubusercontent.com/u/96138945,admin,2024-10-25 19:24:46.732
c53646b2-8a88-4b36-a372-4dd0c11e5d7c,Marilou.Quigley22,$2a$10$MfvbIn/788.ErI46fSj.wOxj5fkPXlyBd2rlGY0w9CUCB0C2eIq6y,Ambrose Deckow,Grayce51@gmail.com,https://avatars.githubusercontent.com/u/53992748,player,2024-10-25 19:24:46.732
4f8c0958-94f0-4b99-8432-c2715ed4ca26,Haley95,$2a$10$MfvbIn/788.ErI46fSj.wOxj5fkPXlyBd2rlGY0w9CUCB0C2eIq6y,Tevin Hamill,Roberto72@hotmail.com,https://avatars.githubusercontent.com/u/82754548,admin,2024-10-25 19:24:46.732
0356708f-184c-48e3-8985-a8be71377f68,Olen.Koch77,$2a$10$MfvbIn/788.ErI46fSj.wOxj5fkPXlyBd2rlGY0w9CUCB0C2eIq6y,Frances Carroll,Jaquan_Roob39@yahoo.com,https://avatars.githubusercontent.com/u/87702975,admin,2024-10-25 19:24:46.732
9eb25f6c-1411-49b7-a849-bcd1f0e70da7,Freeda12,$2a$10$MfvbIn/788.ErI46fSj.wOxj5fkPXlyBd2rlGY0w9CUCB0C2eIq6y,Mireille Kulas,Jana.Wiza@yahoo.com,https://avatars.githubusercontent.com/u/85707061,player,2024-10-25 19:24:46.732
3384489e-5bf5-4d01-8757-c02134d1eade,Isaac.Stehr-Hermann88,$2a$10$MfvbIn/788.ErI46fSj.wOxj5fkPXlyBd2rlGY0w9CUCB0C2eIq6y,Emory Waters,Marcos61@hotmail.com,https://avatars.githubusercontent.com/u/32720638,player,2024-10-25 19:24:46.732
782cf69a-3b92-4570-80f6-89283101fce1,Santa91,$2a$10$MfvbIn/788.ErI46fSj.wOxj5fkPXlyBd2rlGY0w9CUCB0C2eIq6y,Shawna Ruecker,Kira85@gmail.com,https://avatars.githubusercontent.com/u/90682668,admin,2024-10-25 19:24:46.732
8ffe3b39-aa8c-4e1c-9ed1-621ce7cbf29d,Lafayette.DAmore-Bailey,$2a$10$MfvbIn/788.ErI46fSj.wOxj5fkPXlyBd2rlGY0w9CUCB0C2eIq6y,Ricardo Green,Nicklaus.Hoeger@yahoo.com,https://avatars.githubusercontent.com/u/25187694,admin,2024-10-25 19:24:46.732
145a2a49-53c7-435a-8579-1b7d97fd907c,Jesus.Bogan,$2a$10$MfvbIn/788.ErI46fSj.wOxj5fkPXlyBd2rlGY0w9CUCB0C2eIq6y,Mallie Schulist,Dolores_Dickens@hotmail.com,https://avatars.githubusercontent.com/u/94939392,admin,2024-10-25 19:24:46.732
01a8a0e7-8a97-448f-8e9e-24cd68cb9368,Leopold99,$2a$10$MfvbIn/788.ErI46fSj.wOxj5fkPXlyBd2rlGY0w9CUCB0C2eIq6y,Layla Sanford,Eloise5@hotmail.com,https://avatars.githubusercontent.com/u/70913321,admin,2024-10-25 19:24:46.732
13a079a1-a908-447f-89e5-e9f85d039845,Anahi_Crist,$2a$10$MfvbIn/788.ErI46fSj.wOxj5fkPXlyBd2rlGY0w9CUCB0C2eIq6y,Una Gutmann,Demetrius.Fahey@yahoo.com,https://avatars.githubusercontent.com/u/71300591,admin,2024-10-25 19:24:46.732
b3007123-1e8e-4187-8764-810c4f34014d,Weldon71,$2a$10$MfvbIn/788.ErI46fSj.wOxj5fkPXlyBd2rlGY0w9CUCB0C2eIq6y,Helene Abshire,Bulah_Mraz67@hotmail.com,https://avatars.githubusercontent.com/u/3219261,admin,2024-10-25 19:24:46.732
978f3698-0a11-492a-aeac-0f1d6e7cff78,Justine.Lesch-Rau23,$2a$10$MfvbIn/788.ErI46fSj.wOxj5fkPXlyBd2rlGY0w9CUCB0C2eIq6y,Hertha Shields,Mable21@gmail.com,https://avatars.githubusercontent.com/u/78624908,admin,2024-10-25 19:24:46.732
d7be2f2c-b7b3-46e0-b76a-5a062b23df64,Salvador_Morar-Leannon79,$2a$10$MfvbIn/788.ErI46fSj.wOxj5fkPXlyBd2rlGY0w9CUCB0C2eIq6y,Harvey Gutmann,Linnie.Hickle2@yahoo.com,https://avatars.githubusercontent.com/u/44998418,player,2024-10-25 19:24:46.732
1f6aca05-5e9b-4643-9de8-2b074ef8e38c,Terrance.OHara95,$2a$10$MfvbIn/788.ErI46fSj.wOxj5fkPXlyBd2rlGY0w9CUCB0C2eIq6y,Judd Bernier,Sedrick_Ritchie@gmail.com,https://avatars.githubusercontent.com/u/22408079,player,2024-10-25 19:24:46.732
8f8f15a3-97c0-4be0-8f29-dacf55299803,Heloise_Kunde43,$2a$10$MfvbIn/788.ErI46fSj.wOxj5fkPXlyBd2rlGY0w9CUCB0C2eIq6y,Rosemarie Russel,Kaylin.Ledner58@gmail.com,https://avatars.githubusercontent.com/u/81448317,admin,2024-10-25 19:24:46.732
da56624b-9efb-4b77-920c-84002b41aea1,Reed0,$2a$10$MfvbIn/788.ErI46fSj.wOxj5fkPXlyBd2rlGY0w9CUCB0C2eIq6y,Rebeca Cassin,Damion.Grady@yahoo.com,https://avatars.githubusercontent.com/u/50127677,player,2024-10-25 19:24:46.732
54e6ae9b-09f9-498c-b127-c1669da99cae,Anya_Schmitt30,$2a$10$MfvbIn/788.ErI46fSj.wOxj5fkPXlyBd2rlGY0w9CUCB0C2eIq6y,Sandrine Kihn,Layla.Russel@hotmail.com,https://avatars.githubusercontent.com/u/66204487,admin,2024-10-25 19:24:46.732
0b81fca6-d356-4b75-82d6-abb0ce8972c1,Travon_McCullough18,$2a$10$MfvbIn/788.ErI46fSj.wOxj5fkPXlyBd2rlGY0w9CUCB0C2eIq6y,Ronaldo Kihn,Waino_Konopelski87@hotmail.com,https://avatars.githubusercontent.com/u/53232749,admin,2024-10-25 19:24:46.732
ad5d0cf5-a117-4e6c-9eae-cf1508619d18,Emma23,$2a$10$MfvbIn/788.ErI46fSj.wOxj5fkPXlyBd2rlGY0w9CUCB0C2eIq6y,Jaylan Kirlin,Shakira.Runolfsson@hotmail.com,https://avatars.githubusercontent.com/u/88709814,admin,2024-10-25 19:24:46.732
fdc1f663-6762-4a2d-8abd-8c10106f9a16,Garret_Wilkinson24,$2a$10$MfvbIn/788.ErI46fSj.wOxj5fkPXlyBd2rlGY0w9CUCB0C2eIq6y,Aliyah Swaniawski,Floyd_OHara54@yahoo.com,https://avatars.githubusercontent.com/u/57447928,admin,2024-10-25 19:24:46.732
1a664b37-a10f-4c50-b9c5-e5906ddf0531,Marlin.Collins37,$2a$10$MfvbIn/788.ErI46fSj.wOxj5fkPXlyBd2rlGY0w9CUCB0C2eIq6y,Michale Zboncak,Vada.Barrows93@yahoo.com,https://avatars.githubusercontent.com/u/30843033,player,2024-10-25 19:24:46.732
6ccd2ddd-e717-43e9-a7d1-6cd9ac561bc6,Marcelo.Marquardt,$2a$10$MfvbIn/788.ErI46fSj.wOxj5fkPXlyBd2rlGY0w9CUCB0C2eIq6y,Braeden Kuhn,Velva.Kohler4@yahoo.com,https://avatars.githubusercontent.com/u/38047491,player,2024-10-25 19:24:46.732
a9f2794b-c16f-458a-a1ab-b101b48fe767,Piper_Wisoky,$2a$10$MfvbIn/788.ErI46fSj.wOxj5fkPXlyBd2rlGY0w9CUCB0C2eIq6y,Guillermo Krajcik,Demetris4@yahoo.com,https://avatars.githubusercontent.com/u/84745750,admin,2024-10-25 19:24:46.732
1ebe963a-be7e-4e72-b029-ddc626ba2a34,Demetris64,$2a$10$MfvbIn/788.ErI46fSj.wOxj5fkPXlyBd2rlGY0w9CUCB0C2eIq6y,Jerald Bahringer,Tanner_Friesen65@hotmail.com,https://avatars.githubusercontent.com/u/13288591,player,2024-10-25 19:24:46.732
3d2d97ed-9a0b-4327-8ae5-b0e63cb44397,Kelly_Kozey55,$2a$10$MfvbIn/788.ErI46fSj.wOxj5fkPXlyBd2rlGY0w9CUCB0C2eIq6y,Casandra Heaney,Pierce_Nolan@hotmail.com,https://avatars.githubusercontent.com/u/4440714,player,2024-10-25 19:24:46.732
dbed59ea-7333-4faf-88b3-61ee59cebdd4,Domenica_Muller33,$2a$10$MfvbIn/788.ErI46fSj.wOxj5fkPXlyBd2rlGY0w9CUCB0C2eIq6y,Elouise Barrows-Altenwerth,Jairo.Wunsch@hotmail.com,https://avatars.githubusercontent.com/u/66904017,admin,2024-10-25 19:24:46.732
f5390948-ca83-495e-bc76-15977c16354c,Angela_Gutmann,$2a$10$MfvbIn/788.ErI46fSj.wOxj5fkPXlyBd2rlGY0w9CUCB0C2eIq6y,Vada Homenick,Ryder.Gislason30@gmail.com,https://avatars.githubusercontent.com/u/98373967,player,2024-10-25 19:24:46.732
9c45b071-fceb-4126-ae9c-b27915705f79,Donato.Stroman-Hegmann15,$2a$10$MfvbIn/788.ErI46fSj.wOxj5fkPXlyBd2rlGY0w9CUCB0C2eIq6y,Frederique Romaguera,Terrence_Hettinger@gmail.com,https://avatars.githubusercontent.com/u/554032,player,2024-10-25 19:24:46.732
f55c177c-5fbe-4860-9c2d-add5ddbb059e,Katrine.Hackett86,$2a$10$MfvbIn/788.ErI46fSj.wOxj5fkPXlyBd2rlGY0w9CUCB0C2eIq6y,Rex Green,Cullen5@yahoo.com,https://avatars.githubusercontent.com/u/71790828,admin,2024-10-25 19:24:46.732
6364a038-e2d3-4a74-85a1-ba828e563399,Gilda.Dickens,$2a$10$MfvbIn/788.ErI46fSj.wOxj5fkPXlyBd2rlGY0w9CUCB0C2eIq6y,Pearlie Wyman,Gideon83@yahoo.com,https://avatars.githubusercontent.com/u/29317957,player,2024-10-25 19:24:46.732
24ef636c-c23c-452d-b376-60e454c7069a,Adolfo_Ondricka,$2a$10$MfvbIn/788.ErI46fSj.wOxj5fkPXlyBd2rlGY0w9CUCB0C2eIq6y,Norval Ratke,Jaleel16@gmail.com,https://avatars.githubusercontent.com/u/41260816,admin,2024-10-25 19:24:46.732
aca48382-21b5-4ba7-bd2a-8f0d49d2122d,Reymundo93,$2a$10$MfvbIn/788.ErI46fSj.wOxj5fkPXlyBd2rlGY0w9CUCB0C2eIq6y,Ivory Halvorson,Delta.Schroeder@hotmail.com,https://avatars.githubusercontent.com/u/12377584,admin,2024-10-25 19:24:46.733
86293f8a-2763-4dee-a7cc-bd8158d8e3b0,Norbert.Murray,$2a$10$MfvbIn/788.ErI46fSj.wOxj5fkPXlyBd2rlGY0w9CUCB0C2eIq6y,Lucienne Shields,Malachi.Gulgowski@gmail.com,https://avatars.githubusercontent.com/u/71133382,player,2024-10-25 19:24:46.733
7acee72a-3a7a-476c-8f55-b0f652813489,Lesley_West79,$2a$10$MfvbIn/788.ErI46fSj.wOxj5fkPXlyBd2rlGY0w9CUCB0C2eIq6y,Mariane Klocko,Columbus42@gmail.com,https://avatars.githubusercontent.com/u/82189838,player,2024-10-25 19:24:46.733
09f2de0c-3547-4bac-98c4-9be8a817da99,Oral_Bechtelar,$2a$10$MfvbIn/788.ErI46fSj.wOxj5fkPXlyBd2rlGY0w9CUCB0C2eIq6y,Marcella Collier,Einar.Turcotte18@gmail.com,https://avatars.githubusercontent.com/u/5857094,admin,2024-10-25 19:24:46.733
dbb8d264-d01f-4526-8182-b8e5ea0e056f,Chester_Sporer78,$2a$10$MfvbIn/788.ErI46fSj.wOxj5fkPXlyBd2rlGY0w9CUCB0C2eIq6y,Alva Anderson,Nickolas_Torphy@hotmail.com,https://avatars.githubusercontent.com/u/19944811,player,2024-10-25 19:24:46.733
7aac39ee-2c9a-45d5-bab9-ee6acc848919,Lyla_Bailey,$2a$10$MfvbIn/788.ErI46fSj.wOxj5fkPXlyBd2rlGY0w9CUCB0C2eIq6y,Dina Schulist,Domenic_Nader12@gmail.com,https://avatars.githubusercontent.com/u/37590675,player,2024-10-25 19:24:46.733
60844369-fecf-492f-91fa-ca9d4dee86b0,Jayme37,$2a$10$MfvbIn/788.ErI46fSj.wOxj5fkPXlyBd2rlGY0w9CUCB0C2eIq6y,Lela Bartoletti,Leonora.Dicki89@yahoo.com,https://avatars.githubusercontent.com/u/91552295,admin,2024-10-25 19:24:46.733
a51d3614-fda3-401e-88b2-0cd7cb37c08a,Francisco.Bogan-Cormier53,$2a$10$MfvbIn/788.ErI46fSj.wOxj5fkPXlyBd2rlGY0w9CUCB0C2eIq6y,Victor Emmerich,Ariel61@yahoo.com,https://avatars.githubusercontent.com/u/36893398,admin,2024-10-25 19:24:46.733
c99ec54e-782d-4543-a86d-fab306525124,Kianna45,$2a$10$MfvbIn/788.ErI46fSj.wOxj5fkPXlyBd2rlGY0w9CUCB0C2eIq6y,Hester Shanahan,Bethany_MacGyver2@yahoo.com,https://avatars.githubusercontent.com/u/92410449,admin,2024-10-25 19:24:46.733
7039123c-43dc-4b44-aef5-79bde36a9be1,Carey.Blick10,$2a$10$MfvbIn/788.ErI46fSj.wOxj5fkPXlyBd2rlGY0w9CUCB0C2eIq6y,Lemuel Wilkinson,Madeline82@gmail.com,https://avatars.githubusercontent.com/u/13350395,player,2024-10-25 19:24:46.733
f78f1dfd-ac9b-4703-a40e-3f3ff4b31e21,Julius_Hackett17,$2a$10$MfvbIn/788.ErI46fSj.wOxj5fkPXlyBd2rlGY0w9CUCB0C2eIq6y,Carroll Towne,Justus97@hotmail.com,https://avatars.githubusercontent.com/u/43112717,player,2024-10-25 19:24:46.733
d2b83718-4881-469b-9059-9c235e3d3d2e,Martine.Skiles,$2a$10$MfvbIn/788.ErI46fSj.wOxj5fkPXlyBd2rlGY0w9CUCB0C2eIq6y,Dell Pouros,Watson56@hotmail.com,https://avatars.githubusercontent.com/u/39433822,admin,2024-10-25 19:24:46.733
204040eb-4e03-4b12-a7d9-2c2848ef7c69,Carmelo_Mueller-Prohaska,$2a$10$MfvbIn/788.ErI46fSj.wOxj5fkPXlyBd2rlGY0w9CUCB0C2eIq6y,Nestor Hayes-MacGyver,Ena.Lindgren86@hotmail.com,https://avatars.githubusercontent.com/u/59435121,player,2024-10-25 19:24:46.733
51e56c74-ca01-4dda-87bc-0ec61cc99ded,Ulises81,$2a$10$MfvbIn/788.ErI46fSj.wOxj5fkPXlyBd2rlGY0w9CUCB0C2eIq6y,Karley Lebsack,Jadon.Rogahn84@gmail.com,https://avatars.githubusercontent.com/u/34496509,admin,2024-10-25 19:24:46.733
860bd08f-d3d9-4292-a1cc-7d6b48a71d6b,Gail31,$2a$10$MfvbIn/788.ErI46fSj.wOxj5fkPXlyBd2rlGY0w9CUCB0C2eIq6y,Johnny Green,Demetris.Gutmann6@yahoo.com,https://avatars.githubusercontent.com/u/38673260,admin,2024-10-25 19:24:46.733
9dca4844-e34b-4b5c-921c-ce1c0e64126c,Jacinto.Heathcote,$2a$10$MfvbIn/788.ErI46fSj.wOxj5fkPXlyBd2rlGY0w9CUCB0C2eIq6y,Coby Morar,Andreane81@yahoo.com,https://avatars.githubusercontent.com/u/80467735,admin,2024-10-25 19:24:46.733
9aa2a834-55b1-4400-8a25-81a7d9694941,Chadd22,$2a$10$MfvbIn/788.ErI46fSj.wOxj5fkPXlyBd2rlGY0w9CUCB0C2eIq6y,Jeffrey Reinger,Layne_Bauch-Bayer@hotmail.com,https://avatars.githubusercontent.com/u/27088524,player,2024-10-25 19:24:46.733
a66540f0-418e-4fa0-8fe9-d8b4a0447e9d,Caesar.Zemlak17,$2a$10$MfvbIn/788.ErI46fSj.wOxj5fkPXlyBd2rlGY0w9CUCB0C2eIq6y,Itzel Durgan-Flatley,Augustus.Lesch20@hotmail.com,https://avatars.githubusercontent.com/u/73351961,admin,2024-10-25 19:24:46.733
2490973a-e259-4248-b653-f2ab1af1ff3f,Bo_Erdman,$2a$10$MfvbIn/788.ErI46fSj.wOxj5fkPXlyBd2rlGY0w9CUCB0C2eIq6y,Candice Olson,Kameron78@hotmail.com,https://avatars.githubusercontent.com/u/34885463,player,2024-10-25 19:24:46.733
c8a412b0-0da7-4989-8849-553485e8b23e,Destany43,$2a$10$MfvbIn/788.ErI46fSj.wOxj5fkPXlyBd2rlGY0w9CUCB0C2eIq6y,Annie Reichert,Zaria_Orn39@gmail.com,https://avatars.githubusercontent.com/u/4155550,admin,2024-10-25 19:24:46.733
13d5c9cf-29e1-4684-a447-0a93d1022127,Madie.Huels,$2a$10$MfvbIn/788.ErI46fSj.wOxj5fkPXlyBd2rlGY0w9CUCB0C2eIq6y,Jefferey Purdy,Evelyn_Yost@gmail.com,https://avatars.githubusercontent.com/u/23232774,player,2024-10-25 19:24:46.733
b02ef4ef-0e13-4458-be61-cb5a4b6aa596,Elnora69,$2a$10$MfvbIn/788.ErI46fSj.wOxj5fkPXlyBd2rlGY0w9CUCB0C2eIq6y,Erin Torphy,Randal.Dickinson@hotmail.com,https://avatars.githubusercontent.com/u/74704636,player,2024-10-25 19:24:46.733
1e13e12c-81d1-4e61-ba95-90677adfe5a8,Gussie0,$2a$10$MfvbIn/788.ErI46fSj.wOxj5fkPXlyBd2rlGY0w9CUCB0C2eIq6y,Jenifer Feest,Wyatt_Morissette@gmail.com,https://avatars.githubusercontent.com/u/78358974,player,2024-10-25 19:24:46.733
26f4b4f4-0a75-4ab2-9824-5732a9e6a7cb,Stuart_Beahan82,$2a$10$MfvbIn/788.ErI46fSj.wOxj5fkPXlyBd2rlGY0w9CUCB0C2eIq6y,Nelle Ratke,Ramiro7@hotmail.com,https://avatars.githubusercontent.com/u/80742728,player,2024-10-25 19:24:46.733
dc77f4af-e1ac-4527-81ae-35cb0b3fdef7,Chaya93,$2a$10$MfvbIn/788.ErI46fSj.wOxj5fkPXlyBd2rlGY0w9CUCB0C2eIq6y,Robert Grimes,Kiera16@yahoo.com,https://avatars.githubusercontent.com/u/68735853,player,2024-10-25 19:24:46.733
de925b29-f57c-462b-9319-8eeede7de88b,Rickey57,$2a$10$MfvbIn/788.ErI46fSj.wOxj5fkPXlyBd2rlGY0w9CUCB0C2eIq6y,Jake Roob,Quinn_Cummings@gmail.com,https://avatars.githubusercontent.com/u/81172886,player,2024-10-25 19:24:46.733
7682a83e-1a83-476a-a01e-f0051df994a7,Jazmyn14,$2a$10$MfvbIn/788.ErI46fSj.wOxj5fkPXlyBd2rlGY0w9CUCB0C2eIq6y,Cletus MacGyver,Candida.Dickens57@hotmail.com,https://avatars.githubusercontent.com/u/36607886,player,2024-10-25 19:24:46.733
79732602-2fd7-411f-8fef-d1128b32a1ae,Otho_Sanford,$2a$10$MfvbIn/788.ErI46fSj.wOxj5fkPXlyBd2rlGY0w9CUCB0C2eIq6y,Sean Zboncak,Dee93@gmail.com,https://avatars.githubusercontent.com/u/88650094,player,2024-10-25 19:24:46.733
73daf42b-3c36-4da0-9230-5a47e96d063c,Anna.Jaskolski,$2a$10$MfvbIn/788.ErI46fSj.wOxj5fkPXlyBd2rlGY0w9CUCB0C2eIq6y,Coleman Murphy,Dejon48@hotmail.com,https://avatars.githubusercontent.com/u/77301916,admin,2024-10-25 19:24:46.733
29531bfe-b4d8-4a74-a656-82a6bdac4531,Efren_Champlin,$2a$10$MfvbIn/788.ErI46fSj.wOxj5fkPXlyBd2rlGY0w9CUCB0C2eIq6y,Cory Beahan,Fred.Beatty4@hotmail.com,https://avatars.githubusercontent.com/u/86315445,player,2024-10-25 19:24:46.733
bbbe0570-ca6c-4828-b0cc-37eee2fe0f97,Genoveva13,$2a$10$MfvbIn/788.ErI46fSj.wOxj5fkPXlyBd2rlGY0w9CUCB0C2eIq6y,Melisa McLaughlin,Humberto_Weissnat@gmail.com,https://avatars.githubusercontent.com/u/48353159,admin,2024-10-25 19:24:46.733
61fa3de9-286f-4a13-af9f-4af35556c4cb,Rowan22,$2a$10$MfvbIn/788.ErI46fSj.wOxj5fkPXlyBd2rlGY0w9CUCB0C2eIq6y,Aida Hane,Alexandra.Hoppe@gmail.com,https://avatars.githubusercontent.com/u/12725445,admin,2024-10-25 19:24:46.733
f9109b86-be21-4e30-b3be-da0b3fc84bad,Jarod70,$2a$10$MfvbIn/788.ErI46fSj.wOxj5fkPXlyBd2rlGY0w9CUCB0C2eIq6y,Anthony Bartoletti,Orville63@hotmail.com,https://avatars.githubusercontent.com/u/63971430,player,2024-10-25 19:24:46.733
7dd5f989-bbd5-4dec-ae67-511dc3529858,Lexie79,$2a$10$MfvbIn/788.ErI46fSj.wOxj5fkPXlyBd2rlGY0w9CUCB0C2eIq6y,Christiana Hilll,Carmel.Gerlach@gmail.com,https://avatars.githubusercontent.com/u/23273911,player,2024-10-25 19:24:46.733
f2615a5b-d4f0-4c67-b04c-99ee0edbc454,Sofia.Kertzmann,$2a$10$MfvbIn/788.ErI46fSj.wOxj5fkPXlyBd2rlGY0w9CUCB0C2eIq6y,Unique Ledner,Loyal52@yahoo.com,https://avatars.githubusercontent.com/u/11800573,player,2024-10-25 19:24:46.733
54ce56b8-77b7-423c-8908-89f5b612e7fe,Lavern16,$2a$10$MfvbIn/788.ErI46fSj.wOxj5fkPXlyBd2rlGY0w9CUCB0C2eIq6y,Kellie Lind,Marielle_Gorczany65@hotmail.com,https://avatars.githubusercontent.com/u/41578091,admin,2024-10-25 19:24:46.733
e9ff49cd-2291-4d72-9157-238fcb737688,Catalina38,$2a$10$MfvbIn/788.ErI46fSj.wOxj5fkPXlyBd2rlGY0w9CUCB0C2eIq6y,Jeanette Abshire-Purdy,Mercedes_Abbott76@hotmail.com,https://avatars.githubusercontent.com/u/49854135,admin,2024-10-25 19:24:46.733
f0f55b7a-540b-46d4-ae05-940378eb835b,Pierre.Runolfsdottir60,$2a$10$MfvbIn/788.ErI46fSj.wOxj5fkPXlyBd2rlGY0w9CUCB0C2eIq6y,Lane Ondricka,Oswaldo_Nader28@gmail.com,https://avatars.githubusercontent.com/u/91748622,player,2024-10-25 19:24:46.733
276024e3-8c3a-47de-96df-e1e7a82acb12,Lyric.Beahan,$2a$10$MfvbIn/788.ErI46fSj.wOxj5fkPXlyBd2rlGY0w9CUCB0C2eIq6y,Henderson Padberg-Russel,Camren.Hoppe@yahoo.com,https://avatars.githubusercontent.com/u/40971033,admin,2024-10-25 19:24:46.733
29788d1a-fe8b-4049-8418-1ac89bac8db9,Maddison.Kuhlman29,$2a$10$MfvbIn/788.ErI46fSj.wOxj5fkPXlyBd2rlGY0w9CUCB0C2eIq6y,Brendon Maggio,Gavin.Collins@hotmail.com,https://avatars.githubusercontent.com/u/76470142,player,2024-10-25 19:24:46.733
65ad851f-e512-4c05-b321-a2c75159b1af,Adolphus.Hamill,$2a$10$MfvbIn/788.ErI46fSj.wOxj5fkPXlyBd2rlGY0w9CUCB0C2eIq6y,Dock Hudson,Layla10@gmail.com,https://avatars.githubusercontent.com/u/47150536,admin,2024-10-25 19:24:46.733
e4a99a53-c8b7-4d7c-be78-793de3f95823,Eduardo66,$2a$10$MfvbIn/788.ErI46fSj.wOxj5fkPXlyBd2rlGY0w9CUCB0C2eIq6y,Rogelio Gerlach,Clemmie_Robel@yahoo.com,https://avatars.githubusercontent.com/u/7377793,player,2024-10-25 19:24:46.733
8a1602f1-475c-4354-84e0-a6014319a30f,Anika53,$2a$10$MfvbIn/788.ErI46fSj.wOxj5fkPXlyBd2rlGY0w9CUCB0C2eIq6y,Garrick Rogahn,Emmy.Reinger@hotmail.com,https://avatars.githubusercontent.com/u/89168641,player,2024-10-25 19:24:46.733
2e33e310-e6c1-4bdc-9170-876a7cb8d141,Merlin.Wehner,$2a$10$MfvbIn/788.ErI46fSj.wOxj5fkPXlyBd2rlGY0w9CUCB0C2eIq6y,Salma Schuster,Jess_Cruickshank@yahoo.com,https://avatars.githubusercontent.com/u/5275920,player,2024-10-25 19:24:46.734
99e16ed4-8058-46d0-8fe3-9fc8c416714b,Layne.Parisian0,$2a$10$MfvbIn/788.ErI46fSj.wOxj5fkPXlyBd2rlGY0w9CUCB0C2eIq6y,Jane Medhurst,Rene26@hotmail.com,https://avatars.githubusercontent.com/u/58021347,admin,2024-10-25 19:24:46.734
a96c3c3c-5d17-48ca-8593-7ef82b4af8a4,Jacinto_Brakus,$2a$10$MfvbIn/788.ErI46fSj.wOxj5fkPXlyBd2rlGY0w9CUCB0C2eIq6y,Aliza Jacobs,Antonette_Ruecker94@gmail.com,https://avatars.githubusercontent.com/u/48010141,player,2024-10-25 19:24:46.734
91d4d300-ae4a-4c81-8a73-3376371a08d4,Pamela.Murray,$2a$10$MfvbIn/788.ErI46fSj.wOxj5fkPXlyBd2rlGY0w9CUCB0C2eIq6y,Toney Schuppe,Colin.Heaney45@gmail.com,https://avatars.githubusercontent.com/u/20007509,player,2024-10-25 19:24:46.734
e4beac73-b7f6-4961-9e06-292fa5e2dd98,Esther_Larson61,$2a$10$MfvbIn/788.ErI46fSj.wOxj5fkPXlyBd2rlGY0w9CUCB0C2eIq6y,Kaela Ledner,Rey.Armstrong33@yahoo.com,https://avatars.githubusercontent.com/u/3058051,admin,2024-10-25 19:24:46.734
0cb121d2-9a43-40a9-a0f4-b453dc92fefe,Cordelia87,$2a$10$MfvbIn/788.ErI46fSj.wOxj5fkPXlyBd2rlGY0w9CUCB0C2eIq6y,Giles Muller-Ziemann,Tomas_Langosh@hotmail.com,https://avatars.githubusercontent.com/u/79897349,player,2024-10-25 19:24:46.734
6b4281da-f2d7-4ad2-ae81-30745dc645b5,Carole_Williamson51,$2a$10$MfvbIn/788.ErI46fSj.wOxj5fkPXlyBd2rlGY0w9CUCB0C2eIq6y,Trent Franey,Cordell79@hotmail.com,https://avatars.githubusercontent.com/u/47632024,admin,2024-10-25 19:24:46.734
5dc4edab-0b5a-4ed4-90de-c23f1e7866cf,Sabrina_Stanton,$2a$10$MfvbIn/788.ErI46fSj.wOxj5fkPXlyBd2rlGY0w9CUCB0C2eIq6y,Teresa Schmeler,Quinton_Considine0@yahoo.com,https://avatars.githubusercontent.com/u/78441052,player,2024-10-25 19:24:46.734
a13aca4e-8593-41c3-b111-cc2c5b0dd46c,Cecile.Hintz,$2a$10$MfvbIn/788.ErI46fSj.wOxj5fkPXlyBd2rlGY0w9CUCB0C2eIq6y,Danyka Abshire-Ward,Lera49@hotmail.com,https://avatars.githubusercontent.com/u/14847332,player,2024-10-25 19:24:46.734
18563711-2a1b-4956-9c4e-45cf46e31852,Lauryn.Pfannerstill36,$2a$10$MfvbIn/788.ErI46fSj.wOxj5fkPXlyBd2rlGY0w9CUCB0C2eIq6y,Danny Bashirian,Brook.Kohler84@gmail.com,https://avatars.githubusercontent.com/u/74265084,player,2024-10-25 19:24:46.734
e0f6298e-4435-43b4-ac6a-3392eec0cd36,Natasha.Baumbach-Runolfsson,$2a$10$MfvbIn/788.ErI46fSj.wOxj5fkPXlyBd2rlGY0w9CUCB0C2eIq6y,Henriette Bruen,Clemens8@gmail.com,https://avatars.githubusercontent.com/u/59937002,admin,2024-10-25 19:24:46.734
bd7b1b9a-cfa3-4a24-8349-f06869bfc491,Larue.Rolfson87,$2a$10$MfvbIn/788.ErI46fSj.wOxj5fkPXlyBd2rlGY0w9CUCB0C2eIq6y,Cleta Thiel,Ellsworth0@gmail.com,https://avatars.githubusercontent.com/u/36312028,player,2024-10-25 19:24:46.734
6b42a3bd-4d72-4655-a03d-b31a2e1f926c,Earl_Schulist,$2a$10$MfvbIn/788.ErI46fSj.wOxj5fkPXlyBd2rlGY0w9CUCB0C2eIq6y,Carli Herzog,Maxine_Fay@gmail.com,https://avatars.githubusercontent.com/u/89927473,admin,2024-10-25 19:24:46.734
68507d94-b4c1-4b0f-88f7-472b086d926c,Lura_Quigley2,$2a$10$MfvbIn/788.ErI46fSj.wOxj5fkPXlyBd2rlGY0w9CUCB0C2eIq6y,Elinor Bayer,Janice.Huels83@hotmail.com,https://avatars.githubusercontent.com/u/56015444,player,2024-10-25 19:24:46.734
9d435123-f586-49c2-9522-b01cf5d0744d,Rafael_Nicolas,$2a$10$MfvbIn/788.ErI46fSj.wOxj5fkPXlyBd2rlGY0w9CUCB0C2eIq6y,Garrison Barrows,Adam_Wisoky97@yahoo.com,https://avatars.githubusercontent.com/u/27868145,admin,2024-10-25 19:24:46.734
4f434128-87ef-42c9-a851-e385ebd035de,Daren_Turcotte80,$2a$10$MfvbIn/788.ErI46fSj.wOxj5fkPXlyBd2rlGY0w9CUCB0C2eIq6y,Dejah Watsica,Arthur_Waters56@gmail.com,https://avatars.githubusercontent.com/u/72894407,player,2024-10-25 19:24:46.734
f4dc7240-944b-44f4-af38-76588a172c34,Florida99,$2a$10$MfvbIn/788.ErI46fSj.wOxj5fkPXlyBd2rlGY0w9CUCB0C2eIq6y,Karen Kub,Larissa.Jaskolski27@hotmail.com,https://avatars.githubusercontent.com/u/39731556,admin,2024-10-25 19:24:46.734
ad2a67e2-184d-4d31-9d16-5aba079c0e2f,Kennith_OKon87,$2a$10$MfvbIn/788.ErI46fSj.wOxj5fkPXlyBd2rlGY0w9CUCB0C2eIq6y,Elvis Rau,Lela21@gmail.com,https://avatars.githubusercontent.com/u/43641094,player,2024-10-25 19:24:46.734
eca4754b-8165-43ed-b3d7-c6352d143cb4,Jamil.Wintheiser,$2a$10$MfvbIn/788.ErI46fSj.wOxj5fkPXlyBd2rlGY0w9CUCB0C2eIq6y,Jada Bogisich,Bessie60@gmail.com,https://avatars.githubusercontent.com/u/54029023,admin,2024-10-25 19:24:46.734
906f9db7-7e5e-427d-b1cb-74c089870d2c,Quincy41,$2a$10$MfvbIn/788.ErI46fSj.wOxj5fkPXlyBd2rlGY0w9CUCB0C2eIq6y,Avery Thompson,Niko_Dicki@yahoo.com,https://avatars.githubusercontent.com/u/84770053,player,2024-10-25 19:24:46.734
93ecd992-d5a6-40cf-b29c-c08cf71c541d,Kacey68,$2a$10$MfvbIn/788.ErI46fSj.wOxj5fkPXlyBd2rlGY0w9CUCB0C2eIq6y,Cheyenne Wehner,Alexzander_Lesch13@yahoo.com,https://avatars.githubusercontent.com/u/21214700,player,2024-10-25 19:24:46.734
e9e5582f-0987-4cd4-acd9-ea50a9bed9bc,Shea_Erdman,$2a$10$MfvbIn/788.ErI46fSj.wOxj5fkPXlyBd2rlGY0w9CUCB0C2eIq6y,Josue Ledner,Dale.Lind79@gmail.com,https://avatars.githubusercontent.com/u/8092331,player,2024-10-25 19:24:46.734
2969a6df-dcfd-4e15-9ece-841a49b24efb,Van.Langworth,$2a$10$MfvbIn/788.ErI46fSj.wOxj5fkPXlyBd2rlGY0w9CUCB0C2eIq6y,Albertha Bartoletti,Wilton44@yahoo.com,https://avatars.githubusercontent.com/u/84568308,admin,2024-10-25 19:24:46.734
bba41552-e769-40c2-938f-7d0626f713fc,Cale.Kunde-Williamson63,$2a$10$MfvbIn/788.ErI46fSj.wOxj5fkPXlyBd2rlGY0w9CUCB0C2eIq6y,Alexandra Rowe,Sam.Hermann2@gmail.com,https://avatars.githubusercontent.com/u/47610546,admin,2024-10-25 19:24:46.734
8c71375e-5be5-4abc-8833-3d6ea41deb74,Colton57,$2a$10$MfvbIn/788.ErI46fSj.wOxj5fkPXlyBd2rlGY0w9CUCB0C2eIq6y,Harrison Hackett,Barry47@yahoo.com,https://avatars.githubusercontent.com/u/35341076,admin,2024-10-25 19:24:46.734
4c56d674-51d1-4978-a5d8-9c9bba195976,Buford3,$2a$10$MfvbIn/788.ErI46fSj.wOxj5fkPXlyBd2rlGY0w9CUCB0C2eIq6y,Kian Spencer,Ernesto_Lynch@hotmail.com,https://avatars.githubusercontent.com/u/2696070,admin,2024-10-25 19:24:46.734
63b20462-e2be-431a-b097-932bee5a5d94,Murray.Bradtke7,$2a$10$MfvbIn/788.ErI46fSj.wOxj5fkPXlyBd2rlGY0w9CUCB0C2eIq6y,Miguel Mraz,Marlene.McGlynn@yahoo.com,https://avatars.githubusercontent.com/u/96788692,player,2024-10-25 19:24:46.734
12b1f4ea-f0b0-4a10-915a-4f7fcc0aeff7,Amya.Daniel,$2a$10$MfvbIn/788.ErI46fSj.wOxj5fkPXlyBd2rlGY0w9CUCB0C2eIq6y,Felicity Buckridge,Allan95@hotmail.com,https://avatars.githubusercontent.com/u/35899652,player,2024-10-25 19:24:46.734
2d511893-5244-4d6c-98f9-35cc10decff2,Melany_Donnelly15,$2a$10$MfvbIn/788.ErI46fSj.wOxj5fkPXlyBd2rlGY0w9CUCB0C2eIq6y,Izabella Kohler,Claud.Schroeder@gmail.com,https://avatars.githubusercontent.com/u/86966,player,2024-10-25 19:24:46.734
667bfef5-a716-41b0-a955-40df4526a132,Willard.Volkman48,$2a$10$MfvbIn/788.ErI46fSj.wOxj5fkPXlyBd2rlGY0w9CUCB0C2eIq6y,Aric Moen,Amara.Wiza-Lind@yahoo.com,https://avatars.githubusercontent.com/u/45166773,player,2024-10-25 19:24:46.734
88b4fd43-86ea-4ca9-b464-20603cbb02fd,Meda_McKenzie-Marquardt94,$2a$10$MfvbIn/788.ErI46fSj.wOxj5fkPXlyBd2rlGY0w9CUCB0C2eIq6y,Guiseppe Ryan,Aileen97@hotmail.com,https://avatars.githubusercontent.com/u/85597097,admin,2024-10-25 19:24:46.734
4e759675-3fba-4f03-8977-6105dcd1d628,Damon.Weimann3,$2a$10$MfvbIn/788.ErI46fSj.wOxj5fkPXlyBd2rlGY0w9CUCB0C2eIq6y,Zelda Padberg,Idell.Durgan97@hotmail.com,https://avatars.githubusercontent.com/u/64572660,admin,2024-10-25 19:24:46.734
73e81f3c-5660-40b8-a4c9-f676c9b9ee73,Rosetta.Rolfson60,$2a$10$MfvbIn/788.ErI46fSj.wOxj5fkPXlyBd2rlGY0w9CUCB0C2eIq6y,Amos Lemke,Nelson.Lueilwitz@hotmail.com,https://avatars.githubusercontent.com/u/67227100,player,2024-10-25 19:24:46.734
326e18f5-782a-473a-99a7-9347b25f27fb,Hettie.Daniel,$2a$10$MfvbIn/788.ErI46fSj.wOxj5fkPXlyBd2rlGY0w9CUCB0C2eIq6y,Filiberto Ratke,Mikayla_Hilll@yahoo.com,https://avatars.githubusercontent.com/u/28516317,admin,2024-10-25 19:24:46.734
0b224fa7-cba0-4b50-8ce8-c59fa413da0e,Sydni_Kessler,$2a$10$MfvbIn/788.ErI46fSj.wOxj5fkPXlyBd2rlGY0w9CUCB0C2eIq6y,Jazmin Emard,Scarlett_Renner@gmail.com,https://avatars.githubusercontent.com/u/55932054,admin,2024-10-25 19:24:46.734
982a7251-c3a3-41be-9a96-1fa5f58bf16f,Arthur_Connelly,$2a$10$MfvbIn/788.ErI46fSj.wOxj5fkPXlyBd2rlGY0w9CUCB0C2eIq6y,Mozelle Kassulke,Rashawn.Bogisich72@hotmail.com,https://avatars.githubusercontent.com/u/32962362,player,2024-10-25 19:24:46.734
c890a227-6c88-4411-a709-26b1d607cad6,Ernie15,$2a$10$MfvbIn/788.ErI46fSj.wOxj5fkPXlyBd2rlGY0w9CUCB0C2eIq6y,Christiana Conroy,Rocio15@yahoo.com,https://avatars.githubusercontent.com/u/43718183,player,2024-10-25 19:24:46.734
b7b2afba-aa60-46cc-bc1a-902cf7f58e56,Matteo.Conn,$2a$10$MfvbIn/788.ErI46fSj.wOxj5fkPXlyBd2rlGY0w9CUCB0C2eIq6y,Peggie Windler,Jordy.Zboncak26@gmail.com,https://avatars.githubusercontent.com/u/30996235,player,2024-10-25 19:24:46.734
70154a76-7f17-402c-9e8a-490bdf618e11,Bernhard.Ward,$2a$10$MfvbIn/788.ErI46fSj.wOxj5fkPXlyBd2rlGY0w9CUCB0C2eIq6y,Gia O'Reilly,Zetta_OKeefe31@hotmail.com,https://avatars.githubusercontent.com/u/56774236,admin,2024-10-25 19:24:46.734
fba63cdf-2896-45b4-9c02-a6399525c1e0,Tierra39,$2a$10$MfvbIn/788.ErI46fSj.wOxj5fkPXlyBd2rlGY0w9CUCB0C2eIq6y,Jan Hamill,Isabelle37@gmail.com,https://avatars.githubusercontent.com/u/46740007,player,2024-10-25 19:24:46.734
76610813-d513-4719-a446-a7fe8724e8ff,Dennis56,$2a$10$MfvbIn/788.ErI46fSj.wOxj5fkPXlyBd2rlGY0w9CUCB0C2eIq6y,Green Mitchell,Axel.Stroman@yahoo.com,https://avatars.githubusercontent.com/u/29338513,player,2024-10-25 19:24:46.734
af96cd7d-c728-47ff-9c05-37e4d0e24e6f,Hilda.McLaughlin,$2a$10$MfvbIn/788.ErI46fSj.wOxj5fkPXlyBd2rlGY0w9CUCB0C2eIq6y,Keenan Okuneva,Mohammed_Romaguera@yahoo.com,https://avatars.githubusercontent.com/u/14605392,player,2024-10-25 19:24:46.734
33457761-6288-4f87-999e-34a63e5c1be8,Hipolito.Braun,$2a$10$MfvbIn/788.ErI46fSj.wOxj5fkPXlyBd2rlGY0w9CUCB0C2eIq6y,Mattie Wisoky,Caesar.Hirthe@hotmail.com,https://avatars.githubusercontent.com/u/5606838,admin,2024-10-25 19:24:46.735
0773a4cd-1b9e-4638-b975-1f7c1b2c4a94,Garrison79,$2a$10$MfvbIn/788.ErI46fSj.wOxj5fkPXlyBd2rlGY0w9CUCB0C2eIq6y,Kaylee Padberg,Aurore.Gottlieb@gmail.com,https://avatars.githubusercontent.com/u/78582276,player,2024-10-25 19:24:46.735
7577ac46-8e2b-40d4-a23d-a3a710b438ce,Tyrel8,$2a$10$MfvbIn/788.ErI46fSj.wOxj5fkPXlyBd2rlGY0w9CUCB0C2eIq6y,Elmer Hettinger,Providenci_Goodwin@gmail.com,https://avatars.githubusercontent.com/u/95616682,player,2024-10-25 19:24:46.735
74521613-0fa3-448c-aa39-9a4dd4e4f1e1,Naomie.Leffler89,$2a$10$MfvbIn/788.ErI46fSj.wOxj5fkPXlyBd2rlGY0w9CUCB0C2eIq6y,Gerard Armstrong,Toby.Predovic82@hotmail.com,https://avatars.githubusercontent.com/u/11190875,player,2024-10-25 19:24:46.735
5be1b9e0-c8a9-41ee-9cc4-28fbec909368,Tyree_Hilpert,$2a$10$MfvbIn/788.ErI46fSj.wOxj5fkPXlyBd2rlGY0w9CUCB0C2eIq6y,Nels Schmeler,Hobart60@hotmail.com,https://avatars.githubusercontent.com/u/70049686,player,2024-10-25 19:24:46.735
29c0a08f-4914-4102-a614-3c7dd9d7b763,Lacy.West,$2a$10$MfvbIn/788.ErI46fSj.wOxj5fkPXlyBd2rlGY0w9CUCB0C2eIq6y,Veronica Roob,Edwina.Conroy25@hotmail.com,https://avatars.githubusercontent.com/u/67036910,player,2024-10-25 19:24:46.735
0709364c-65b5-40e3-8e1f-6f3e316f8213,Dorian_Pollich,$2a$10$MfvbIn/788.ErI46fSj.wOxj5fkPXlyBd2rlGY0w9CUCB0C2eIq6y,Adolph Goodwin-Schiller,Aurelie_OKon86@hotmail.com,https://avatars.githubusercontent.com/u/63769764,admin,2024-10-25 19:24:46.735
c558581c-84aa-4429-8ce7-f1ae05cc76cd,Devin94,$2a$10$MfvbIn/788.ErI46fSj.wOxj5fkPXlyBd2rlGY0w9CUCB0C2eIq6y,Jadyn Wiza,Domenica.Cole88@gmail.com,https://avatars.githubusercontent.com/u/72058530,admin,2024-10-25 19:24:46.735
8067cc23-c9e5-4949-bd33-802768d78efe,Jamaal88,$2a$10$MfvbIn/788.ErI46fSj.wOxj5fkPXlyBd2rlGY0w9CUCB0C2eIq6y,Maybelle Wisoky,Paris_Gerhold@hotmail.com,https://avatars.githubusercontent.com/u/74217794,player,2024-10-25 19:24:46.735
ebd09902-b3ef-4937-8c2c-9e1bb5f3fe6f,Manuela.Stokes,$2a$10$MfvbIn/788.ErI46fSj.wOxj5fkPXlyBd2rlGY0w9CUCB0C2eIq6y,Dawn Runte,Wyatt.Kulas57@yahoo.com,https://avatars.githubusercontent.com/u/84026756,player,2024-10-25 19:24:46.735
ba9a536e-2071-4e0d-b095-fda85ee30450,Prudence96,$2a$10$MfvbIn/788.ErI46fSj.wOxj5fkPXlyBd2rlGY0w9CUCB0C2eIq6y,Richie O'Connell,Imani.Kshlerin96@yahoo.com,https://avatars.githubusercontent.com/u/72359862,player,2024-10-25 19:24:46.735
d2052f9b-b437-49a6-948b-5a8da88b6f00,Abner63,$2a$10$MfvbIn/788.ErI46fSj.wOxj5fkPXlyBd2rlGY0w9CUCB0C2eIq6y,Kamron Fadel,Golda60@yahoo.com,https://avatars.githubusercontent.com/u/55900958,admin,2024-10-25 19:24:46.735
f40ea0ff-75cf-4b98-a024-7ae57864ea36,Sigmund_Hayes,$2a$10$MfvbIn/788.ErI46fSj.wOxj5fkPXlyBd2rlGY0w9CUCB0C2eIq6y,Alexanne Welch,Stanton_Stracke52@gmail.com,https://avatars.githubusercontent.com/u/60755322,admin,2024-10-25 19:24:46.735
dbaf1917-0639-4a03-99f2-08e4e245e317,Devin54,$2a$10$MfvbIn/788.ErI46fSj.wOxj5fkPXlyBd2rlGY0w9CUCB0C2eIq6y,Blanca Carroll,Mike57@hotmail.com,https://avatars.githubusercontent.com/u/53090441,player,2024-10-25 19:24:46.735
b29d0d86-5b73-4c82-8c66-9b557d7994ab,Michele41,$2a$10$MfvbIn/788.ErI46fSj.wOxj5fkPXlyBd2rlGY0w9CUCB0C2eIq6y,Brenna Kohler,Agustina.Barrows@yahoo.com,https://avatars.githubusercontent.com/u/33286264,admin,2024-10-25 19:24:46.735
49a57522-223b-4120-b313-f3808305de70,Laila.Collier30,$2a$10$MfvbIn/788.ErI46fSj.wOxj5fkPXlyBd2rlGY0w9CUCB0C2eIq6y,Kian Stark,Sister_Mitchell42@gmail.com,https://avatars.githubusercontent.com/u/6494255,player,2024-10-25 19:24:46.735
ca388c75-4ac6-418d-9a4e-f2ce855002a7,Judd_Gusikowski94,$2a$10$MfvbIn/788.ErI46fSj.wOxj5fkPXlyBd2rlGY0w9CUCB0C2eIq6y,Nannie Anderson,Will_McGlynn-Kemmer@hotmail.com,https://avatars.githubusercontent.com/u/5416703,player,2024-10-25 19:24:46.735
cf47fcb1-3576-47c3-ab4b-0d88b955d29d,Ken.Cruickshank49,$2a$10$MfvbIn/788.ErI46fSj.wOxj5fkPXlyBd2rlGY0w9CUCB0C2eIq6y,Naomie Breitenberg,Onie.Murray@gmail.com,https://avatars.githubusercontent.com/u/60462295,player,2024-10-25 19:24:46.735
eb4a7a36-1a64-4202-926a-353d49e584ce,Elton.Rippin,$2a$10$MfvbIn/788.ErI46fSj.wOxj5fkPXlyBd2rlGY0w9CUCB0C2eIq6y,Maci Satterfield,Bradly.Pollich1@hotmail.com,https://avatars.githubusercontent.com/u/83348848,admin,2024-10-25 19:24:46.735
cbcfb283-5634-448b-910a-b99c0bac03ce,Terence_Becker,$2a$10$MfvbIn/788.ErI46fSj.wOxj5fkPXlyBd2rlGY0w9CUCB0C2eIq6y,Ciara Turner,Calista.Lockman95@yahoo.com,https://avatars.githubusercontent.com/u/44832150,admin,2024-10-25 19:24:46.735
3e609c35-861c-426d-a1a6-e552678e77cb,Bud.Kunze69,$2a$10$MfvbIn/788.ErI46fSj.wOxj5fkPXlyBd2rlGY0w9CUCB0C2eIq6y,Francisco Braun,Archibald_Prohaska-Sporer24@yahoo.com,https://avatars.githubusercontent.com/u/83088875,admin,2024-10-25 19:24:46.735
70b88507-9d63-4fff-9707-77dbf9e4a7bb,Ima.Ziemann63,$2a$10$MfvbIn/788.ErI46fSj.wOxj5fkPXlyBd2rlGY0w9CUCB0C2eIq6y,Madaline Durgan,Rafaela.White@yahoo.com,https://avatars.githubusercontent.com/u/45591857,player,2024-10-25 19:24:46.735
5169d897-6363-40e5-825c-701858b7ed68,Jaeden.Armstrong,$2a$10$MfvbIn/788.ErI46fSj.wOxj5fkPXlyBd2rlGY0w9CUCB0C2eIq6y,Elise Gutkowski,David77@gmail.com,https://avatars.githubusercontent.com/u/16535307,player,2024-10-25 19:24:46.735
94081b74-5d45-4f64-a13a-178560f493e7,Max_Zboncak75,$2a$10$MfvbIn/788.ErI46fSj.wOxj5fkPXlyBd2rlGY0w9CUCB0C2eIq6y,Jordi Dooley-Schaefer,Adele81@gmail.com,https://avatars.githubusercontent.com/u/21856648,admin,2024-10-25 19:24:46.735
c8bf6538-8244-45bf-b0a3-e9844480408d,Alisha_Rath91,$2a$10$MfvbIn/788.ErI46fSj.wOxj5fkPXlyBd2rlGY0w9CUCB0C2eIq6y,Porter Prohaska,Melvin33@gmail.com,https://avatars.githubusercontent.com/u/42431682,player,2024-10-25 19:24:46.735
e3565e3c-fe88-44b2-bf44-5fdf23e1624d,Nayeli.Ratke,$2a$10$MfvbIn/788.ErI46fSj.wOxj5fkPXlyBd2rlGY0w9CUCB0C2eIq6y,Frankie Legros,Casey23@hotmail.com,https://avatars.githubusercontent.com/u/75803722,admin,2024-10-25 19:24:46.735
8acf6c22-9583-4de8-b2a0-c37aa657f286,Lilliana_Hagenes43,$2a$10$MfvbIn/788.ErI46fSj.wOxj5fkPXlyBd2rlGY0w9CUCB0C2eIq6y,Lela Russel,Edd54@gmail.com,https://avatars.githubusercontent.com/u/49278637,admin,2024-10-25 19:24:46.735
7ef225bf-2ad0-43d8-b609-5fa510c57b7a,Emely.Boehm79,$2a$10$MfvbIn/788.ErI46fSj.wOxj5fkPXlyBd2rlGY0w9CUCB0C2eIq6y,Vivian Walsh,Juliet_Anderson40@yahoo.com,https://avatars.githubusercontent.com/u/1650177,admin,2024-10-25 19:24:46.735
a4c54f3c-0f8e-4635-a280-e2caa9233ba0,Clinton.Pouros9,$2a$10$MfvbIn/788.ErI46fSj.wOxj5fkPXlyBd2rlGY0w9CUCB0C2eIq6y,Ubaldo Prosacco,Alvena.Terry12@gmail.com,https://avatars.githubusercontent.com/u/31113302,player,2024-10-25 19:24:46.735
70b63be7-f656-446f-8077-e62a69ee5bc8,Phyllis41,$2a$10$MfvbIn/788.ErI46fSj.wOxj5fkPXlyBd2rlGY0w9CUCB0C2eIq6y,Sylvester Barrows,Rodolfo56@yahoo.com,https://avatars.githubusercontent.com/u/66181479,player,2024-10-25 19:24:46.735
fdc57cb8-bb01-434f-9509-fb6f44f72b2c,Jean84,$2a$10$MfvbIn/788.ErI46fSj.wOxj5fkPXlyBd2rlGY0w9CUCB0C2eIq6y,Winifred Prohaska,Alejandrin_Hegmann77@hotmail.com,https://avatars.githubusercontent.com/u/84422707,admin,2024-10-25 19:24:46.735
d47b7b15-3a37-4322-ab24-cc9e6bf838a6,Obie.Mraz,$2a$10$MfvbIn/788.ErI46fSj.wOxj5fkPXlyBd2rlGY0w9CUCB0C2eIq6y,Felicita Willms,Dasia5@gmail.com,https://avatars.githubusercontent.com/u/36569211,player,2024-10-25 19:24:46.735
89ef6365-21bf-4179-9091-aecc178549b5,Sid.Renner,$2a$10$MfvbIn/788.ErI46fSj.wOxj5fkPXlyBd2rlGY0w9CUCB0C2eIq6y,Stanley Grant-Koch,Bradly43@hotmail.com,https://avatars.githubusercontent.com/u/6933912,player,2024-10-25 19:24:46.735
da721767-3a48-47f8-862e-3b631e9b18f7,Laurianne.Hagenes,$2a$10$MfvbIn/788.ErI46fSj.wOxj5fkPXlyBd2rlGY0w9CUCB0C2eIq6y,Marian Beahan,Baylee_Kovacek@hotmail.com,https://avatars.githubusercontent.com/u/37996307,player,2024-10-25 19:24:46.735
9a51534e-4069-4688-bd6a-aa83bfc92e52,Diana_Bins49,$2a$10$MfvbIn/788.ErI46fSj.wOxj5fkPXlyBd2rlGY0w9CUCB0C2eIq6y,Dortha O'Kon,Mandy.Bergstrom23@gmail.com,https://avatars.githubusercontent.com/u/98815418,player,2024-10-25 19:24:46.735
a57bb551-11cd-4205-bef4-2b3c550f5664,Kristin.Mayert3,$2a$10$MfvbIn/788.ErI46fSj.wOxj5fkPXlyBd2rlGY0w9CUCB0C2eIq6y,Daija Price,Waldo.Bartoletti68@gmail.com,https://avatars.githubusercontent.com/u/82754285,player,2024-10-25 19:24:46.736
25d5858f-d858-4e87-8b5f-f24660c30752,Clarabelle82,$2a$10$MfvbIn/788.ErI46fSj.wOxj5fkPXlyBd2rlGY0w9CUCB0C2eIq6y,Tomasa Gerhold,Virginia12@yahoo.com,https://avatars.githubusercontent.com/u/14026379,player,2024-10-25 19:24:46.736
c850e06d-3e40-431b-abc7-8bcc69227023,Jake37,$2a$10$MfvbIn/788.ErI46fSj.wOxj5fkPXlyBd2rlGY0w9CUCB0C2eIq6y,Tre Becker,Herbert7@gmail.com,https://avatars.githubusercontent.com/u/43288626,admin,2024-10-25 19:24:46.736
3ddf86a4-ba20-4bbc-8f48-abb3b68b1aa2,Nina.Herzog50,$2a$10$MfvbIn/788.ErI46fSj.wOxj5fkPXlyBd2rlGY0w9CUCB0C2eIq6y,Burnice Aufderhar,Shawna.Crooks@hotmail.com,https://avatars.githubusercontent.com/u/29001667,admin,2024-10-25 19:24:46.736
b3da01b4-8b6c-44c8-9ce5-7c6c2e8dd812,Gabriella13,$2a$10$MfvbIn/788.ErI46fSj.wOxj5fkPXlyBd2rlGY0w9CUCB0C2eIq6y,Maci Kertzmann,Guadalupe.Hoeger11@yahoo.com,https://avatars.githubusercontent.com/u/23966180,admin,2024-10-25 19:24:46.736
b61b15dc-35f7-4c82-9601-460a6fa6c3fc,Gerhard.Mueller,$2a$10$MfvbIn/788.ErI46fSj.wOxj5fkPXlyBd2rlGY0w9CUCB0C2eIq6y,Meagan Corwin,Robin81@yahoo.com,https://avatars.githubusercontent.com/u/35998333,player,2024-10-25 19:24:46.736
3ee22f94-21ac-4c98-aaf5-c50ca2fd71eb,Floyd_Stamm87,$2a$10$MfvbIn/788.ErI46fSj.wOxj5fkPXlyBd2rlGY0w9CUCB0C2eIq6y,Roscoe Douglas,Daron.Schiller@yahoo.com,https://avatars.githubusercontent.com/u/68642361,admin,2024-10-25 19:24:46.736
1d789057-bc07-44ad-a759-8d572ea5b63e,Michelle_McClure31,$2a$10$MfvbIn/788.ErI46fSj.wOxj5fkPXlyBd2rlGY0w9CUCB0C2eIq6y,Hulda Homenick,Theresia55@yahoo.com,https://avatars.githubusercontent.com/u/20772199,admin,2024-10-25 19:24:46.736
cd6a2c61-e07e-400f-b88b-686492a6595a,Cassandra_Runolfsdottir,$2a$10$MfvbIn/788.ErI46fSj.wOxj5fkPXlyBd2rlGY0w9CUCB0C2eIq6y,Nannie Zulauf,Emmalee58@hotmail.com,https://avatars.githubusercontent.com/u/69603353,admin,2024-10-25 19:24:46.736
8d4f91eb-c3e8-478c-a97a-3d799359cf89,Alexander.Howe,$2a$10$MfvbIn/788.ErI46fSj.wOxj5fkPXlyBd2rlGY0w9CUCB0C2eIq6y,Freda Hilpert,Cleo_Kris-Collier1@gmail.com,https://avatars.githubusercontent.com/u/55772154,player,2024-10-25 19:24:46.736
b2432e92-afcc-4312-8c8e-3d0424b9848f,Blaze.Hegmann,$2a$10$MfvbIn/788.ErI46fSj.wOxj5fkPXlyBd2rlGY0w9CUCB0C2eIq6y,Casimer O'Kon,Berta30@yahoo.com,https://avatars.githubusercontent.com/u/23613648,admin,2024-10-25 19:24:46.736
8855ac4a-f1fa-4100-9835-793433b27331,Santiago_Lind39,$2a$10$MfvbIn/788.ErI46fSj.wOxj5fkPXlyBd2rlGY0w9CUCB0C2eIq6y,Horace Gleason,Charles77@yahoo.com,https://avatars.githubusercontent.com/u/80562671,admin,2024-10-25 19:24:46.736
330137f7-cd46-4efb-9fbc-c48577360886,Darion27,$2a$10$MfvbIn/788.ErI46fSj.wOxj5fkPXlyBd2rlGY0w9CUCB0C2eIq6y,Mikayla Jacobi,Kendall.Kertzmann@gmail.com,https://avatars.githubusercontent.com/u/62801780,admin,2024-10-25 19:24:46.736
e51268ab-00e0-4435-8716-6540c2c08bd1,Yvette.Borer,$2a$10$MfvbIn/788.ErI46fSj.wOxj5fkPXlyBd2rlGY0w9CUCB0C2eIq6y,Ashley Rice,Maritza_Hoeger64@yahoo.com,https://avatars.githubusercontent.com/u/33012293,admin,2024-10-25 19:24:46.736
027ebc97-3dae-49e8-883c-d97270b72536,Judge33,$2a$10$MfvbIn/788.ErI46fSj.wOxj5fkPXlyBd2rlGY0w9CUCB0C2eIq6y,Pearlie Conn,Gillian.Hyatt@gmail.com,https://avatars.githubusercontent.com/u/18142735,player,2024-10-25 19:24:46.736
e2548b7b-11f2-4c35-8d59-db4af132afc0,Ines74,$2a$10$MfvbIn/788.ErI46fSj.wOxj5fkPXlyBd2rlGY0w9CUCB0C2eIq6y,Barton Cassin,Stone_Bartell30@gmail.com,https://avatars.githubusercontent.com/u/7908351,player,2024-10-25 19:24:46.736
a8098e29-495a-420c-9da4-071c3fffafbd,Orrin.Heaney49,$2a$10$MfvbIn/788.ErI46fSj.wOxj5fkPXlyBd2rlGY0w9CUCB0C2eIq6y,Stephen Mueller,Jovan_Schneider71@gmail.com,https://avatars.githubusercontent.com/u/89385694,admin,2024-10-25 19:24:46.736
afdf79f9-b908-4b10-8fb6-c295f6e0a8b2,Marietta22,$2a$10$MfvbIn/788.ErI46fSj.wOxj5fkPXlyBd2rlGY0w9CUCB0C2eIq6y,Claudia Kemmer,Ruth37@hotmail.com,https://avatars.githubusercontent.com/u/82472926,player,2024-10-25 19:24:46.736
46468cb1-0d2a-48b1-9b42-3d89a90a0826,Joy_Raynor,$2a$10$MfvbIn/788.ErI46fSj.wOxj5fkPXlyBd2rlGY0w9CUCB0C2eIq6y,Turner Waters,Hattie84@hotmail.com,https://avatars.githubusercontent.com/u/10764086,player,2024-10-25 19:24:46.736
c8d2bc0e-7f87-416a-b7eb-9d771d2f218e,Susan.Hintz12,$2a$10$MfvbIn/788.ErI46fSj.wOxj5fkPXlyBd2rlGY0w9CUCB0C2eIq6y,Queen Padberg,Guiseppe.Cruickshank91@hotmail.com,https://avatars.githubusercontent.com/u/51150755,player,2024-10-25 19:24:46.736
b468d95d-7dc6-4c16-b4b0-bc2709b22e8a,Caitlyn38,$2a$10$MfvbIn/788.ErI46fSj.wOxj5fkPXlyBd2rlGY0w9CUCB0C2eIq6y,Samir Collier,Jaylan96@yahoo.com,https://avatars.githubusercontent.com/u/74569737,player,2024-10-25 19:24:46.736
12a5d689-359c-453b-8316-cb061e1eb0ec,Eloise_Runolfsdottir24,$2a$10$MfvbIn/788.ErI46fSj.wOxj5fkPXlyBd2rlGY0w9CUCB0C2eIq6y,Christy Yost,Garret65@yahoo.com,https://avatars.githubusercontent.com/u/98343165,admin,2024-10-25 19:24:46.736
4ac61373-4f5d-485e-9020-8afeb50dabf3,Francesco.Stoltenberg,$2a$10$MfvbIn/788.ErI46fSj.wOxj5fkPXlyBd2rlGY0w9CUCB0C2eIq6y,Josefina Berge,Noah.Rutherford77@hotmail.com,https://avatars.githubusercontent.com/u/83395267,admin,2024-10-25 19:24:46.736
5a9d6614-225f-451c-86c3-77dc82a52933,Kellen28,$2a$10$MfvbIn/788.ErI46fSj.wOxj5fkPXlyBd2rlGY0w9CUCB0C2eIq6y,Jessie Kilback,Keyshawn61@yahoo.com,https://avatars.githubusercontent.com/u/74256505,admin,2024-10-25 19:24:46.736
08c9f055-aa7f-486a-9494-1b668f9b4618,Tabitha.Hudson81,$2a$10$MfvbIn/788.ErI46fSj.wOxj5fkPXlyBd2rlGY0w9CUCB0C2eIq6y,Efren Predovic,Sally97@hotmail.com,https://avatars.githubusercontent.com/u/83245090,admin,2024-10-25 19:24:46.736
a46d8eea-4b8c-4df2-869c-87873aa0a0a6,Armando_Pagac91,$2a$10$MfvbIn/788.ErI46fSj.wOxj5fkPXlyBd2rlGY0w9CUCB0C2eIq6y,Clementina Schinner,Holly88@yahoo.com,https://avatars.githubusercontent.com/u/73821789,player,2024-10-25 19:24:46.736
298a87f9-8549-43cd-970c-287b22434f09,Jenifer.Volkman,$2a$10$MfvbIn/788.ErI46fSj.wOxj5fkPXlyBd2rlGY0w9CUCB0C2eIq6y,Oran Bernhard,Angela_Hoppe@yahoo.com,https://avatars.githubusercontent.com/u/37972054,admin,2024-10-25 19:24:46.736
e786716f-b2dc-47d9-8446-b208330438cf,Pattie49,$2a$10$MfvbIn/788.ErI46fSj.wOxj5fkPXlyBd2rlGY0w9CUCB0C2eIq6y,Mustafa Schumm,Cheyanne.Runte@yahoo.com,https://avatars.githubusercontent.com/u/62987346,admin,2024-10-25 19:24:46.737
a6078afc-3a6a-4fe1-bddb-81cb022a9fc2,Reed86,$2a$10$MfvbIn/788.ErI46fSj.wOxj5fkPXlyBd2rlGY0w9CUCB0C2eIq6y,Katlynn Stroman,Magdalena37@gmail.com,https://avatars.githubusercontent.com/u/78964452,admin,2024-10-25 19:24:46.737
1c7566c0-e37b-444b-b162-86ab476e7a52,Frederick_Larkin84,$2a$10$MfvbIn/788.ErI46fSj.wOxj5fkPXlyBd2rlGY0w9CUCB0C2eIq6y,Fletcher Schmidt,Myles_Borer@gmail.com,https://avatars.githubusercontent.com/u/61406567,admin,2024-10-25 19:24:46.737
b5916ff8-ef41-4b55-9245-8405bf10e653,Jairo_VonRueden11,$2a$10$MfvbIn/788.ErI46fSj.wOxj5fkPXlyBd2rlGY0w9CUCB0C2eIq6y,Carolanne Blanda,Norbert69@gmail.com,https://avatars.githubusercontent.com/u/32745356,admin,2024-10-25 19:24:46.737
c97d13a2-514c-4737-8b38-1f1467b837d0,Alfred_Will45,$2a$10$MfvbIn/788.ErI46fSj.wOxj5fkPXlyBd2rlGY0w9CUCB0C2eIq6y,Estrella Davis,Verona52@hotmail.com,https://avatars.githubusercontent.com/u/13497514,admin,2024-10-25 19:24:46.737
adacb513-6228-4b5d-ad10-09f8450c19ac,Karlee.Gutkowski,$2a$10$MfvbIn/788.ErI46fSj.wOxj5fkPXlyBd2rlGY0w9CUCB0C2eIq6y,Viviane Harvey,Henry84@gmail.com,https://avatars.githubusercontent.com/u/97517578,admin,2024-10-25 19:24:46.737
1578e8f3-5d68-4be8-951a-fb2c070b8a90,Ubaldo.Nicolas,$2a$10$MfvbIn/788.ErI46fSj.wOxj5fkPXlyBd2rlGY0w9CUCB0C2eIq6y,Irma Gorczany,Michele.Jacobs21@hotmail.com,https://avatars.githubusercontent.com/u/72886702,player,2024-10-25 19:24:46.737
80e91559-6d62-4c22-a2fe-7b4ec6933f81,Joseph.Hahn39,$2a$10$MfvbIn/788.ErI46fSj.wOxj5fkPXlyBd2rlGY0w9CUCB0C2eIq6y,Christine Bahringer,Hunter.Lebsack@hotmail.com,https://avatars.githubusercontent.com/u/9882622,admin,2024-10-25 19:24:46.737
07eb3cb0-6da5-42ff-b38a-f389ab741d7c,Isaiah79,$2a$10$MfvbIn/788.ErI46fSj.wOxj5fkPXlyBd2rlGY0w9CUCB0C2eIq6y,Hilton Ullrich,Shayna69@gmail.com,https://avatars.githubusercontent.com/u/41271730,player,2024-10-25 19:24:46.737
fd7e8c01-ecf8-4156-9d2b-c5d7ba13427e,Kristin.Heaney17,$2a$10$MfvbIn/788.ErI46fSj.wOxj5fkPXlyBd2rlGY0w9CUCB0C2eIq6y,Tyrel Stark,Eleanore50@yahoo.com,https://avatars.githubusercontent.com/u/52097363,player,2024-10-25 19:24:46.737
0a65251f-cc30-45aa-922c-ae21a72b094e,Leon.Huel91,$2a$10$MfvbIn/788.ErI46fSj.wOxj5fkPXlyBd2rlGY0w9CUCB0C2eIq6y,Bret Fahey-Douglas,Maribel_Windler58@gmail.com,https://avatars.githubusercontent.com/u/77144834,player,2024-10-25 19:24:46.737
bc35a05b-8730-46b2-9f64-5597acb3e365,Nils.Howell61,$2a$10$MfvbIn/788.ErI46fSj.wOxj5fkPXlyBd2rlGY0w9CUCB0C2eIq6y,Tony Ebert,Zack.Douglas@yahoo.com,https://avatars.githubusercontent.com/u/44521951,player,2024-10-25 19:24:46.737
50d178c7-a036-4cdc-9529-8ef7d4fa98d1,Hermann.Klein,$2a$10$MfvbIn/788.ErI46fSj.wOxj5fkPXlyBd2rlGY0w9CUCB0C2eIq6y,Brandi Schmitt,Pearlie_Schimmel44@yahoo.com,https://avatars.githubusercontent.com/u/12250157,player,2024-10-25 19:24:46.737
e82d7084-a157-4c94-b39f-d6a107525275,Moses_Ledner3,$2a$10$MfvbIn/788.ErI46fSj.wOxj5fkPXlyBd2rlGY0w9CUCB0C2eIq6y,Fredy Ferry,Nina.Senger59@yahoo.com,https://avatars.githubusercontent.com/u/89737505,admin,2024-10-25 19:24:46.737
f0582dd2-647e-4bc9-8721-d1e18242c938,Verlie11,$2a$10$MfvbIn/788.ErI46fSj.wOxj5fkPXlyBd2rlGY0w9CUCB0C2eIq6y,Dayton Mertz,Alden.Heathcote93@yahoo.com,https://avatars.githubusercontent.com/u/83092190,admin,2024-10-25 19:24:46.737
434adb57-ac8c-49e7-8709-065018b40c38,Isaiah_Block,$2a$10$MfvbIn/788.ErI46fSj.wOxj5fkPXlyBd2rlGY0w9CUCB0C2eIq6y,Christian Smitham-Quitzon,Brooke50@yahoo.com,https://avatars.githubusercontent.com/u/97562227,player,2024-10-25 19:24:46.737
14c94680-576a-4c1a-b26c-e0dc99e6c1a4,Iva.Cummerata,$2a$10$MfvbIn/788.ErI46fSj.wOxj5fkPXlyBd2rlGY0w9CUCB0C2eIq6y,Cordie Watsica,Zoie_Dare24@yahoo.com,https://avatars.githubusercontent.com/u/51470082,admin,2024-10-25 19:24:46.737
bac0dab6-d93b-4293-9094-eee2d3da1c24,Vida.McCullough3,$2a$10$MfvbIn/788.ErI46fSj.wOxj5fkPXlyBd2rlGY0w9CUCB0C2eIq6y,Ludie Swaniawski,Mathias83@hotmail.com,https://avatars.githubusercontent.com/u/55942625,player,2024-10-25 19:24:46.737
af42a653-7bc3-4a15-a6fd-25662aea7e0e,Geovanny_Kilback11,$2a$10$MfvbIn/788.ErI46fSj.wOxj5fkPXlyBd2rlGY0w9CUCB0C2eIq6y,Johann Luettgen,Cleora.Rippin@gmail.com,https://avatars.githubusercontent.com/u/61590128,admin,2024-10-25 19:24:46.737
c22b3126-d9d0-4430-b98c-30700cd0c9c7,Rodrigo.Kessler88,$2a$10$MfvbIn/788.ErI46fSj.wOxj5fkPXlyBd2rlGY0w9CUCB0C2eIq6y,Travon Douglas,Jorge_Nolan85@hotmail.com,https://avatars.githubusercontent.com/u/70062999,admin,2024-10-25 19:24:46.737
8323220f-aba8-4095-ad97-6bf52f6c09c6,Gwendolyn.Kunde84,$2a$10$MfvbIn/788.ErI46fSj.wOxj5fkPXlyBd2rlGY0w9CUCB0C2eIq6y,Agustina Weimann,Annalise0@gmail.com,https://avatars.githubusercontent.com/u/5626411,player,2024-10-25 19:24:46.737
58bc93ad-4d5b-4f4a-a958-c8966e097a2e,Daisha_Mills-Stark,$2a$10$MfvbIn/788.ErI46fSj.wOxj5fkPXlyBd2rlGY0w9CUCB0C2eIq6y,Vena Bahringer,Ryann.Bashirian@yahoo.com,https://avatars.githubusercontent.com/u/96421910,admin,2024-10-25 19:24:46.737
1f6723bd-fd4f-46a0-917c-7c5988b8dd49,Eduardo72,$2a$10$MfvbIn/788.ErI46fSj.wOxj5fkPXlyBd2rlGY0w9CUCB0C2eIq6y,Bennett Rolfson,Camryn.Halvorson2@gmail.com,https://avatars.githubusercontent.com/u/18418912,admin,2024-10-25 19:24:46.737
9e15e820-40ef-4345-ac82-b0e940381a79,Robyn52,$2a$10$MfvbIn/788.ErI46fSj.wOxj5fkPXlyBd2rlGY0w9CUCB0C2eIq6y,Gina Gerhold,Theodore49@yahoo.com,https://avatars.githubusercontent.com/u/5460375,admin,2024-10-25 19:24:46.737
2d3a3efd-d547-4797-8bad-8ea9b66bed4f,Viviane86,$2a$10$MfvbIn/788.ErI46fSj.wOxj5fkPXlyBd2rlGY0w9CUCB0C2eIq6y,Stanford Mayer,Alta72@gmail.com,https://avatars.githubusercontent.com/u/84946329,admin,2024-10-25 19:24:46.737
609ce50b-1d8d-4a2a-a1d8-7cb0ec028a76,Ruthie_Graham83,$2a$10$MfvbIn/788.ErI46fSj.wOxj5fkPXlyBd2rlGY0w9CUCB0C2eIq6y,Harmon Carroll,Dock.Sawayn@gmail.com,https://avatars.githubusercontent.com/u/46139844,admin,2024-10-25 19:24:46.737
15f6b1a6-3130-43b6-944c-487615094307,Yasmeen_Zemlak,$2a$10$MfvbIn/788.ErI46fSj.wOxj5fkPXlyBd2rlGY0w9CUCB0C2eIq6y,Gregg Schamberger,Ron_Rutherford@hotmail.com,https://avatars.githubusercontent.com/u/69515941,admin,2024-10-25 19:24:46.737
90d5ada3-a6fb-4ea4-beca-af79a2821754,Cole11,$2a$10$MfvbIn/788.ErI46fSj.wOxj5fkPXlyBd2rlGY0w9CUCB0C2eIq6y,Zetta O'Keefe,Jeramie27@yahoo.com,https://avatars.githubusercontent.com/u/66242766,player,2024-10-25 19:24:46.737
be5b6d8e-0074-47ec-9af6-c02454a6a2dd,Sabina.Kunze3,$2a$10$MfvbIn/788.ErI46fSj.wOxj5fkPXlyBd2rlGY0w9CUCB0C2eIq6y,Amelia Walter,Maiya32@yahoo.com,https://avatars.githubusercontent.com/u/3739404,admin,2024-10-25 19:24:46.737
7ce6bbd5-d74d-466f-afd0-a367e65e80e4,Lucius37,$2a$10$MfvbIn/788.ErI46fSj.wOxj5fkPXlyBd2rlGY0w9CUCB0C2eIq6y,Abigale Waters,Cara_Romaguera@gmail.com,https://avatars.githubusercontent.com/u/89352123,admin,2024-10-25 19:24:46.737
15c862cb-2322-4c89-8766-e4a1ba518bbe,Lorine.Moore4,$2a$10$MfvbIn/788.ErI46fSj.wOxj5fkPXlyBd2rlGY0w9CUCB0C2eIq6y,Verner Glover,Reymundo.McKenzie95@hotmail.com,https://avatars.githubusercontent.com/u/54996876,admin,2024-10-25 19:24:46.737
8cb2070b-626e-4ba1-89c0-d30f4c737ef3,Elmer.Durgan76,$2a$10$MfvbIn/788.ErI46fSj.wOxj5fkPXlyBd2rlGY0w9CUCB0C2eIq6y,Wellington Powlowski,Shany5@yahoo.com,https://avatars.githubusercontent.com/u/27373033,player,2024-10-25 19:24:46.738
3e9bbc53-91a6-4133-848a-b0ff167f4e43,Jordy64,$2a$10$MfvbIn/788.ErI46fSj.wOxj5fkPXlyBd2rlGY0w9CUCB0C2eIq6y,Savion Bernier,Leland33@gmail.com,https://avatars.githubusercontent.com/u/12642770,admin,2024-10-25 19:24:46.738
78a49463-8a89-4856-a065-5d6bd0ac2cc9,Jackson_Cormier12,$2a$10$MfvbIn/788.ErI46fSj.wOxj5fkPXlyBd2rlGY0w9CUCB0C2eIq6y,Bernice Donnelly,Britney_Flatley13@yahoo.com,https://avatars.githubusercontent.com/u/58041456,admin,2024-10-25 19:24:46.738
04cc2d15-e23a-4f9c-91ff-ecb0ef03ff23,Fay_Koss98,$2a$10$MfvbIn/788.ErI46fSj.wOxj5fkPXlyBd2rlGY0w9CUCB0C2eIq6y,Germaine Schneider,Imani30@gmail.com,https://avatars.githubusercontent.com/u/83130662,admin,2024-10-25 19:24:46.738
fdc2a184-5ab6-4d4f-9e06-5c530d458ea8,Ashly.Fisher16,$2a$10$MfvbIn/788.ErI46fSj.wOxj5fkPXlyBd2rlGY0w9CUCB0C2eIq6y,Darrick Anderson,Crawford_Crona0@yahoo.com,https://avatars.githubusercontent.com/u/90683025,player,2024-10-25 19:24:46.738
08860c94-6496-4dfa-a14b-77b458345d05,Gianni_Harris78,$2a$10$MfvbIn/788.ErI46fSj.wOxj5fkPXlyBd2rlGY0w9CUCB0C2eIq6y,Rahul Ratke,Dortha_Robel@gmail.com,https://avatars.githubusercontent.com/u/25123721,admin,2024-10-25 19:24:46.738
b75bd4ed-cefc-48bf-8037-c0a6fbbae00f,Jean59,$2a$10$MfvbIn/788.ErI46fSj.wOxj5fkPXlyBd2rlGY0w9CUCB0C2eIq6y,Barton Kuhlman,Alvah37@yahoo.com,https://avatars.githubusercontent.com/u/48649994,player,2024-10-25 19:24:46.738
2fd2ff5b-c05d-4388-ab9d-8a57c8a737c3,Modesto_Koss62,$2a$10$MfvbIn/788.ErI46fSj.wOxj5fkPXlyBd2rlGY0w9CUCB0C2eIq6y,Tatum Shanahan,Izaiah_Lang14@yahoo.com,https://avatars.githubusercontent.com/u/56156191,player,2024-10-25 19:24:46.738
0b72daf2-7d37-4dcb-a8b5-2a2e328ec80b,Maribel6,$2a$10$MfvbIn/788.ErI46fSj.wOxj5fkPXlyBd2rlGY0w9CUCB0C2eIq6y,Hillard Lubowitz,Jesse.Nader50@hotmail.com,https://avatars.githubusercontent.com/u/72516297,player,2024-10-25 19:24:46.738
a01c8ab8-8fd0-4e18-bfbf-60c5001f8c1f,Jabari_Hane,$2a$10$MfvbIn/788.ErI46fSj.wOxj5fkPXlyBd2rlGY0w9CUCB0C2eIq6y,Ellsworth Corkery,Elouise94@yahoo.com,https://avatars.githubusercontent.com/u/32668148,player,2024-10-25 19:24:46.738
d26b6229-670e-4632-8f2e-aa93e0c0fdb3,Jensen.Upton41,$2a$10$MfvbIn/788.ErI46fSj.wOxj5fkPXlyBd2rlGY0w9CUCB0C2eIq6y,Genesis Larson,Maggie.Kautzer@yahoo.com,https://avatars.githubusercontent.com/u/75412201,player,2024-10-25 19:24:46.738
3ad03dd3-c192-4b3c-9f7a-1c2df47754b6,Savanna_Lubowitz,$2a$10$MfvbIn/788.ErI46fSj.wOxj5fkPXlyBd2rlGY0w9CUCB0C2eIq6y,Claire Conn,Elza_McCullough44@yahoo.com,https://avatars.githubusercontent.com/u/47876061,admin,2024-10-25 19:24:46.738
71ca05e7-5c36-45e5-a185-b7fe861d7ebd,Bettye.Robel,$2a$10$MfvbIn/788.ErI46fSj.wOxj5fkPXlyBd2rlGY0w9CUCB0C2eIq6y,Frederic Lebsack,Geovanni.Kling13@yahoo.com,https://avatars.githubusercontent.com/u/57951926,admin,2024-10-25 19:24:46.738
82589bb5-7b7b-4074-a623-7f4daf52594b,Jonathan13,$2a$10$MfvbIn/788.ErI46fSj.wOxj5fkPXlyBd2rlGY0w9CUCB0C2eIq6y,Mose Sawayn,Cary_Jacobs84@gmail.com,https://avatars.githubusercontent.com/u/74698834,player,2024-10-25 19:24:46.738
3f1e1b5b-8c72-4669-a171-182dc271a07d,Maxie.Auer,$2a$10$MfvbIn/788.ErI46fSj.wOxj5fkPXlyBd2rlGY0w9CUCB0C2eIq6y,Noel Kirlin,Thalia.Hegmann86@hotmail.com,https://avatars.githubusercontent.com/u/4832523,player,2024-10-25 19:24:46.738
0da2b1aa-0069-40b9-bae6-2e848ab680ed,Mariam_Tromp,$2a$10$MfvbIn/788.ErI46fSj.wOxj5fkPXlyBd2rlGY0w9CUCB0C2eIq6y,Magdalen Ondricka,Garret6@hotmail.com,https://avatars.githubusercontent.com/u/43244847,admin,2024-10-25 19:24:46.738
805eb7e1-5b4d-4f57-8174-935d0d7e1ac3,Sherwood_Becker36,$2a$10$MfvbIn/788.ErI46fSj.wOxj5fkPXlyBd2rlGY0w9CUCB0C2eIq6y,Hanna McCullough,Vickie_Nienow@hotmail.com,https://avatars.githubusercontent.com/u/28666969,admin,2024-10-25 19:24:46.738
f9d4b9d6-b8dc-4998-8c41-96773c06cb7d,Stanley_Mosciski,$2a$10$MfvbIn/788.ErI46fSj.wOxj5fkPXlyBd2rlGY0w9CUCB0C2eIq6y,Claude Grady,Stella.Ryan36@hotmail.com,https://avatars.githubusercontent.com/u/50268608,player,2024-10-25 19:24:46.738
bc9626cf-6fad-4e39-aad0-9f2bd55d2dd9,Clarissa.Johnson86,$2a$10$MfvbIn/788.ErI46fSj.wOxj5fkPXlyBd2rlGY0w9CUCB0C2eIq6y,Ansel Ebert,Ladarius.Swift@yahoo.com,https://avatars.githubusercontent.com/u/30714260,admin,2024-10-25 19:24:46.738
bc3eeccc-3616-4307-aa5f-26c57f510c59,Zena_Bernhard9,$2a$10$MfvbIn/788.ErI46fSj.wOxj5fkPXlyBd2rlGY0w9CUCB0C2eIq6y,Keaton Murray,Brooklyn72@hotmail.com,https://avatars.githubusercontent.com/u/29699519,admin,2024-10-25 19:24:46.738
12282545-7712-45c0-aca4-7fa23afe964f,Bettie.Kautzer,$2a$10$MfvbIn/788.ErI46fSj.wOxj5fkPXlyBd2rlGY0w9CUCB0C2eIq6y,Melvina Pollich,Corbin22@gmail.com,https://avatars.githubusercontent.com/u/62843907,player,2024-10-25 19:24:46.738
298a67de-1d12-4bc2-a299-3e395d4f814a,Alda15,$2a$10$MfvbIn/788.ErI46fSj.wOxj5fkPXlyBd2rlGY0w9CUCB0C2eIq6y,Andreanne Daniel,Domingo18@gmail.com,https://avatars.githubusercontent.com/u/27095517,admin,2024-10-25 19:24:46.738
236df46a-5f8b-45e0-ab2d-840686fe3fb7,Theron.Hackett54,$2a$10$MfvbIn/788.ErI46fSj.wOxj5fkPXlyBd2rlGY0w9CUCB0C2eIq6y,Travis McGlynn,Rosemary.Emmerich-Howell@yahoo.com,https://avatars.githubusercontent.com/u/44843821,player,2024-10-25 19:24:46.738
2e9bdb20-de2f-4445-8132-d4c637dcb1db,Marlon54,$2a$10$MfvbIn/788.ErI46fSj.wOxj5fkPXlyBd2rlGY0w9CUCB0C2eIq6y,Columbus Goyette,Zoey.Torphy@yahoo.com,https://avatars.githubusercontent.com/u/66754092,admin,2024-10-25 19:24:46.738
808fa5ea-f9bc-4818-a891-afc2bbddb5fd,Hildegard.McLaughlin,$2a$10$MfvbIn/788.ErI46fSj.wOxj5fkPXlyBd2rlGY0w9CUCB0C2eIq6y,Tatyana Haley,Greg.Rohan89@hotmail.com,https://avatars.githubusercontent.com/u/84848250,player,2024-10-25 19:24:46.738
a980234d-e886-4e79-9477-7aeddc8504d3,Cathrine_Brown,$2a$10$MfvbIn/788.ErI46fSj.wOxj5fkPXlyBd2rlGY0w9CUCB0C2eIq6y,Tiara Mante,Rosemarie.Mosciski@hotmail.com,https://avatars.githubusercontent.com/u/62935797,player,2024-10-25 19:24:46.738
ccf78740-9fab-4e5f-866f-944ee8063159,Micaela22,$2a$10$MfvbIn/788.ErI46fSj.wOxj5fkPXlyBd2rlGY0w9CUCB0C2eIq6y,Gavin Swift-Buckridge,Milan_Gerhold-Turcotte52@yahoo.com,https://avatars.githubusercontent.com/u/36198224,player,2024-10-25 19:24:46.738
25ad5669-e93f-4b0e-83a3-80dbfae3d5c1,Jayson_Howell20,$2a$10$MfvbIn/788.ErI46fSj.wOxj5fkPXlyBd2rlGY0w9CUCB0C2eIq6y,Darrin Kris,Mya.Gutkowski-Thiel82@yahoo.com,https://avatars.githubusercontent.com/u/82727456,player,2024-10-25 19:24:46.738
54f93b88-4d49-4983-9878-22891fa19e1f,Okey_Veum,$2a$10$MfvbIn/788.ErI46fSj.wOxj5fkPXlyBd2rlGY0w9CUCB0C2eIq6y,Leone Hettinger,Elliot86@yahoo.com,https://avatars.githubusercontent.com/u/9123884,player,2024-10-25 19:24:46.738
ef9e9020-d400-4c5d-a523-919659dba12f,Ahmad51,$2a$10$MfvbIn/788.ErI46fSj.wOxj5fkPXlyBd2rlGY0w9CUCB0C2eIq6y,Guadalupe Pouros,Jodie_Dicki@hotmail.com,https://avatars.githubusercontent.com/u/44485731,player,2024-10-25 19:24:46.738
4a4053de-3f1b-4bfd-aeb2-0d4776d31e69,Ebony.Farrell,$2a$10$MfvbIn/788.ErI46fSj.wOxj5fkPXlyBd2rlGY0w9CUCB0C2eIq6y,Betty Bauch,Nick.Parker97@yahoo.com,https://avatars.githubusercontent.com/u/93055336,admin,2024-10-25 19:24:46.738
b8d1e290-6056-405d-b767-24a2b4c839f3,Newton51,$2a$10$MfvbIn/788.ErI46fSj.wOxj5fkPXlyBd2rlGY0w9CUCB0C2eIq6y,Lennie Lowe,Pearlie30@hotmail.com,https://avatars.githubusercontent.com/u/64829633,player,2024-10-25 19:24:46.738
eb34c1a5-0774-41c3-80fe-806c21a91763,Irwin92,$2a$10$MfvbIn/788.ErI46fSj.wOxj5fkPXlyBd2rlGY0w9CUCB0C2eIq6y,Daisy Walsh,Dion54@yahoo.com,https://avatars.githubusercontent.com/u/44629110,admin,2024-10-25 19:24:46.738
ae3e8d5e-7f61-4d77-88d0-fd4f10d589c5,Shanny26,$2a$10$MfvbIn/788.ErI46fSj.wOxj5fkPXlyBd2rlGY0w9CUCB0C2eIq6y,Jed Lindgren,Martin35@yahoo.com,https://avatars.githubusercontent.com/u/8585852,admin,2024-10-25 19:24:46.738
573f2bb9-c600-4b99-adaf-ce61a71381a6,Aditya28,$2a$10$MfvbIn/788.ErI46fSj.wOxj5fkPXlyBd2rlGY0w9CUCB0C2eIq6y,Mariane Bins,Pamela53@gmail.com,https://avatars.githubusercontent.com/u/36589069,admin,2024-10-25 19:24:46.738
441876bb-2557-4b5d-b052-404091b88656,Brennan_Cole56,$2a$10$MfvbIn/788.ErI46fSj.wOxj5fkPXlyBd2rlGY0w9CUCB0C2eIq6y,Mariah Reynolds,Sean.Heller33@gmail.com,https://avatars.githubusercontent.com/u/92456404,admin,2024-10-25 19:24:46.738
6b6a3626-c7f3-47ee-beb0-45984d22e21a,Sigmund89,$2a$10$MfvbIn/788.ErI46fSj.wOxj5fkPXlyBd2rlGY0w9CUCB0C2eIq6y,Kobe Hills,Wendell_Jacobs@gmail.com,https://avatars.githubusercontent.com/u/25517879,admin,2024-10-25 19:24:46.739
e8d53d91-444c-46f4-82b4-b6479968e89a,Meghan45,$2a$10$MfvbIn/788.ErI46fSj.wOxj5fkPXlyBd2rlGY0w9CUCB0C2eIq6y,Vern Murray,Rudolph.Grady38@gmail.com,https://avatars.githubusercontent.com/u/46428506,player,2024-10-25 19:24:46.739
58f94ffd-afce-4bf4-b9eb-e56548a58cb1,Kaitlin.Hartmann50,$2a$10$MfvbIn/788.ErI46fSj.wOxj5fkPXlyBd2rlGY0w9CUCB0C2eIq6y,Oswald Reichel,Ewell_Bradtke70@gmail.com,https://avatars.githubusercontent.com/u/56319797,player,2024-10-25 19:24:46.739
ef1b8238-3994-4954-8800-ae4db7940b3e,Annette.Steuber,$2a$10$MfvbIn/788.ErI46fSj.wOxj5fkPXlyBd2rlGY0w9CUCB0C2eIq6y,Jedediah Prosacco,Amari.Willms@yahoo.com,https://avatars.githubusercontent.com/u/76784132,player,2024-10-25 19:24:46.739
e2889b8d-4a3f-4757-890c-e48fca3133e8,Wilbert91,$2a$10$MfvbIn/788.ErI46fSj.wOxj5fkPXlyBd2rlGY0w9CUCB0C2eIq6y,Russ Mraz,Florence.Batz47@yahoo.com,https://avatars.githubusercontent.com/u/42544907,admin,2024-10-25 19:24:46.739
2ee20bda-9e32-4ab9-bd4a-7976998771ed,Kiley.Brakus,$2a$10$MfvbIn/788.ErI46fSj.wOxj5fkPXlyBd2rlGY0w9CUCB0C2eIq6y,Makayla Jerde,Alivia88@yahoo.com,https://avatars.githubusercontent.com/u/22611843,player,2024-10-25 19:24:46.739
7f5c73ac-c76e-4d16-a602-b843b811f098,Berta.Kihn62,$2a$10$MfvbIn/788.ErI46fSj.wOxj5fkPXlyBd2rlGY0w9CUCB0C2eIq6y,Raleigh Abernathy,Jon_Kovacek@yahoo.com,https://avatars.githubusercontent.com/u/13309365,player,2024-10-25 19:24:46.739
f53dadd9-9776-4599-81cb-e5297307f4d8,Jonathan.Brown,$2a$10$MfvbIn/788.ErI46fSj.wOxj5fkPXlyBd2rlGY0w9CUCB0C2eIq6y,Milford Walker,Ofelia_Nikolaus24@yahoo.com,https://avatars.githubusercontent.com/u/24019314,player,2024-10-25 19:24:46.739
495c9d29-4c15-4e6a-8616-ee6c34ab6c86,Marilie.Dach,$2a$10$MfvbIn/788.ErI46fSj.wOxj5fkPXlyBd2rlGY0w9CUCB0C2eIq6y,Nyah Borer,Alice_Bartell@yahoo.com,https://avatars.githubusercontent.com/u/65031380,admin,2024-10-25 19:24:46.739
c13be89d-a618-47c0-aba4-958ad15469b0,Hayden.Jones,$2a$10$MfvbIn/788.ErI46fSj.wOxj5fkPXlyBd2rlGY0w9CUCB0C2eIq6y,Karl Brakus,Mervin41@yahoo.com,https://avatars.githubusercontent.com/u/50481991,admin,2024-10-25 19:24:46.739
5015e32f-d046-4d8b-8215-679b3e800d01,Araceli_Aufderhar,$2a$10$MfvbIn/788.ErI46fSj.wOxj5fkPXlyBd2rlGY0w9CUCB0C2eIq6y,Jordi Ryan,Damon_Hessel@hotmail.com,https://avatars.githubusercontent.com/u/25063014,player,2024-10-25 19:24:46.739
c518a4d9-f339-4b60-a8c4-8de33c47f0c3,Vinnie_Keebler8,$2a$10$MfvbIn/788.ErI46fSj.wOxj5fkPXlyBd2rlGY0w9CUCB0C2eIq6y,Leatha Rogahn,Isom_Witting@yahoo.com,https://avatars.githubusercontent.com/u/20847029,admin,2024-10-25 19:24:46.739
924dd3be-52af-4ab6-be8a-cc2a02524913,Keyshawn_Hessel,$2a$10$MfvbIn/788.ErI46fSj.wOxj5fkPXlyBd2rlGY0w9CUCB0C2eIq6y,Susan Jakubowski,Kayla85@yahoo.com,https://avatars.githubusercontent.com/u/88265710,player,2024-10-25 19:24:46.739
7221af90-3aec-4885-9321-0b3cd24d7233,Elwin.Bashirian,$2a$10$MfvbIn/788.ErI46fSj.wOxj5fkPXlyBd2rlGY0w9CUCB0C2eIq6y,Selina Smitham,Jesus58@gmail.com,https://avatars.githubusercontent.com/u/16692380,player,2024-10-25 19:24:46.739
7858f9af-9d88-4bd9-b4bb-133b714ee29a,Idell73,$2a$10$MfvbIn/788.ErI46fSj.wOxj5fkPXlyBd2rlGY0w9CUCB0C2eIq6y,Ally Lakin,Lupe_Goyette32@yahoo.com,https://avatars.githubusercontent.com/u/40068732,player,2024-10-25 19:24:46.739
ccfd8dc5-e105-4582-9369-435dd1f408de,Dillon62,$2a$10$MfvbIn/788.ErI46fSj.wOxj5fkPXlyBd2rlGY0w9CUCB0C2eIq6y,Oscar Shanahan,Hoyt.Rice26@hotmail.com,https://avatars.githubusercontent.com/u/48580776,player,2024-10-25 19:24:46.739
10130ddc-2525-4b7f-a183-586bcdae91c4,Una_Walker71,$2a$10$MfvbIn/788.ErI46fSj.wOxj5fkPXlyBd2rlGY0w9CUCB0C2eIq6y,Berta Braun,Buford55@gmail.com,https://avatars.githubusercontent.com/u/67014185,admin,2024-10-25 19:24:46.739
f985691b-56a2-4974-bb41-2f535dd5a0a9,Kylie_Reilly95,$2a$10$MfvbIn/788.ErI46fSj.wOxj5fkPXlyBd2rlGY0w9CUCB0C2eIq6y,Camilla Becker,Madison.Pollich-Block@gmail.com,https://avatars.githubusercontent.com/u/31271541,admin,2024-10-25 19:24:46.739
4db17611-1827-49c9-ad72-2e5bdee33793,Meda94,$2a$10$MfvbIn/788.ErI46fSj.wOxj5fkPXlyBd2rlGY0w9CUCB0C2eIq6y,Norval Swaniawski,Blaise.Koss@yahoo.com,https://avatars.githubusercontent.com/u/36481413,admin,2024-10-25 19:24:46.739
b8c0e67a-94ac-45d9-b68c-6713ee5e3846,Gianni83,$2a$10$MfvbIn/788.ErI46fSj.wOxj5fkPXlyBd2rlGY0w9CUCB0C2eIq6y,Isaiah Kohler,Brigitte24@hotmail.com,https://avatars.githubusercontent.com/u/12023992,admin,2024-10-25 19:24:46.739
c8da089e-ed3c-40e0-b675-afb48250194f,Leilani_Marquardt,$2a$10$MfvbIn/788.ErI46fSj.wOxj5fkPXlyBd2rlGY0w9CUCB0C2eIq6y,Autumn Grimes,Douglas.Bechtelar@hotmail.com,https://avatars.githubusercontent.com/u/76454866,admin,2024-10-25 19:24:46.739
1cc4a508-65b7-40cb-bae8-7ab18352ced6,Nicolette.Zboncak16,$2a$10$MfvbIn/788.ErI46fSj.wOxj5fkPXlyBd2rlGY0w9CUCB0C2eIq6y,Celestino Zboncak,Timmothy.Grady@gmail.com,https://avatars.githubusercontent.com/u/51861558,player,2024-10-25 19:24:46.739
15de601f-2dce-44e7-af9f-4074a1b6025e,Manley.Sporer60,$2a$10$MfvbIn/788.ErI46fSj.wOxj5fkPXlyBd2rlGY0w9CUCB0C2eIq6y,Shad Mayert,Trisha.Leuschke@hotmail.com,https://avatars.githubusercontent.com/u/7659812,player,2024-10-25 19:24:46.739
3bdde9ac-124f-4dc6-838b-a56d8862613b,Mariane.Crooks-Kozey85,$2a$10$MfvbIn/788.ErI46fSj.wOxj5fkPXlyBd2rlGY0w9CUCB0C2eIq6y,Nikita Glover,Taylor.Hamill@gmail.com,https://avatars.githubusercontent.com/u/41145657,admin,2024-10-25 19:24:46.739
aa5fccde-a3e7-44e7-8deb-b2f9d8f279e9,Mose.Hammes,$2a$10$MfvbIn/788.ErI46fSj.wOxj5fkPXlyBd2rlGY0w9CUCB0C2eIq6y,Leora Steuber,Tiffany.Kertzmann@gmail.com,https://avatars.githubusercontent.com/u/10820735,admin,2024-10-25 19:24:46.739
44cf3086-3ec0-48e9-b4bc-40943769026d,Danielle41,$2a$10$MfvbIn/788.ErI46fSj.wOxj5fkPXlyBd2rlGY0w9CUCB0C2eIq6y,Samir Schuster-Walker,Guillermo_Haley74@gmail.com,https://avatars.githubusercontent.com/u/87027100,admin,2024-10-25 19:24:46.739
7968c269-b0bc-4cb5-9dd3-1146eea9a510,Rocio92,$2a$10$MfvbIn/788.ErI46fSj.wOxj5fkPXlyBd2rlGY0w9CUCB0C2eIq6y,Ewell Treutel,Margarita_Kihn77@gmail.com,https://avatars.githubusercontent.com/u/15261184,player,2024-10-25 19:24:46.739
5176ac99-33ee-464b-a0d8-cbd224055a48,Noah7,$2a$10$MfvbIn/788.ErI46fSj.wOxj5fkPXlyBd2rlGY0w9CUCB0C2eIq6y,Karlie VonRueden,Keven_Waters@gmail.com,https://avatars.githubusercontent.com/u/56361032,player,2024-10-25 19:24:46.739
e9d2fe59-cf8b-44fa-9a64-8f5999184b70,Juanita_Hintz,$2a$10$MfvbIn/788.ErI46fSj.wOxj5fkPXlyBd2rlGY0w9CUCB0C2eIq6y,Joel Medhurst,Treva65@hotmail.com,https://avatars.githubusercontent.com/u/19897603,player,2024-10-25 19:24:46.739
3c1f3e57-736f-4c98-b5bb-d73928197a6a,Dannie37,$2a$10$MfvbIn/788.ErI46fSj.wOxj5fkPXlyBd2rlGY0w9CUCB0C2eIq6y,Breanne Beer,Zoe68@hotmail.com,https://avatars.githubusercontent.com/u/71506328,player,2024-10-25 19:24:46.739
457b9e31-fca8-4241-884d-48294e3e72ae,Lauryn.Ortiz,$2a$10$MfvbIn/788.ErI46fSj.wOxj5fkPXlyBd2rlGY0w9CUCB0C2eIq6y,Mireya Schoen,Darby.Friesen@hotmail.com,https://avatars.githubusercontent.com/u/91224269,player,2024-10-25 19:24:46.739
461672ad-c6d3-4df5-869b-edc4f63bc729,Evan.Reichel-Hilll,$2a$10$MfvbIn/788.ErI46fSj.wOxj5fkPXlyBd2rlGY0w9CUCB0C2eIq6y,Kassandra Graham-Hermann,Electa_OKon36@gmail.com,https://avatars.githubusercontent.com/u/83637182,admin,2024-10-25 19:24:46.739
af0abf62-65b8-408a-919a-ff2d78a86815,Danial_Pouros89,$2a$10$MfvbIn/788.ErI46fSj.wOxj5fkPXlyBd2rlGY0w9CUCB0C2eIq6y,Jackson Gerlach,Cassandra67@gmail.com,https://avatars.githubusercontent.com/u/21835481,player,2024-10-25 19:24:46.739
369b377b-59ab-4e6b-88b3-9db080f46205,Hassie_Kautzer,$2a$10$MfvbIn/788.ErI46fSj.wOxj5fkPXlyBd2rlGY0w9CUCB0C2eIq6y,Norwood Ledner,Rozella.Toy@yahoo.com,https://avatars.githubusercontent.com/u/8685198,admin,2024-10-25 19:24:46.739
ed8ac18e-dfcf-43c8-b586-7933f0aa44e2,Regan9,$2a$10$MfvbIn/788.ErI46fSj.wOxj5fkPXlyBd2rlGY0w9CUCB0C2eIq6y,Dave Kiehn,Savannah_Sanford@hotmail.com,https://avatars.githubusercontent.com/u/11640010,player,2024-10-25 19:24:46.739
ae853d23-5cc2-4b97-86f0-2a8da31b9aa6,Lowell20,$2a$10$MfvbIn/788.ErI46fSj.wOxj5fkPXlyBd2rlGY0w9CUCB0C2eIq6y,Lavinia Kris,Destiny_Wintheiser61@hotmail.com,https://avatars.githubusercontent.com/u/56620112,player,2024-10-25 19:24:46.739
b69b2702-39bc-481a-a143-b229faf7e7dc,Myriam_Cartwright82,$2a$10$MfvbIn/788.ErI46fSj.wOxj5fkPXlyBd2rlGY0w9CUCB0C2eIq6y,Ellie Torphy,Damien_Bauch@yahoo.com,https://avatars.githubusercontent.com/u/51817526,admin,2024-10-25 19:24:46.739
cf472cc1-6cbd-4007-94ac-ed18f895ffc8,Fermin_Tromp,$2a$10$MfvbIn/788.ErI46fSj.wOxj5fkPXlyBd2rlGY0w9CUCB0C2eIq6y,Akeem Gottlieb,Angelina.Ullrich@yahoo.com,https://avatars.githubusercontent.com/u/30855240,player,2024-10-25 19:24:46.740
94f79241-2ea1-42ba-8ae1-b53e624c2aec,Santina32,$2a$10$MfvbIn/788.ErI46fSj.wOxj5fkPXlyBd2rlGY0w9CUCB0C2eIq6y,Oran Bode,Willa62@gmail.com,https://avatars.githubusercontent.com/u/21739843,player,2024-10-25 19:24:46.740
1994460e-f7a8-4a57-9e04-afbc0d8ba9c8,Ignacio.Parisian62,$2a$10$MfvbIn/788.ErI46fSj.wOxj5fkPXlyBd2rlGY0w9CUCB0C2eIq6y,Demarcus Botsford,Alec85@yahoo.com,https://avatars.githubusercontent.com/u/52209712,player,2024-10-25 19:24:46.740
f3c15477-a3f5-4acd-943b-81b83df95021,Raquel_Jacobs22,$2a$10$MfvbIn/788.ErI46fSj.wOxj5fkPXlyBd2rlGY0w9CUCB0C2eIq6y,Tatyana Christiansen,Dorris1@hotmail.com,https://avatars.githubusercontent.com/u/86086402,admin,2024-10-25 19:24:46.740
f92eea71-4c6b-4704-b1c2-14939749ac70,Francis_Hackett,$2a$10$MfvbIn/788.ErI46fSj.wOxj5fkPXlyBd2rlGY0w9CUCB0C2eIq6y,Mary Steuber,Maiya_Hane71@yahoo.com,https://avatars.githubusercontent.com/u/9309890,player,2024-10-25 19:24:46.740
a6ad2074-676c-4c99-b5ec-0a68d3c4ec0d,Jaime.Nader53,$2a$10$MfvbIn/788.ErI46fSj.wOxj5fkPXlyBd2rlGY0w9CUCB0C2eIq6y,Josefa Wilderman-Leuschke,Destany.Bogisich3@yahoo.com,https://avatars.githubusercontent.com/u/65343455,admin,2024-10-25 19:24:46.740
aa409169-19ff-42b2-8ada-e1b9dea7e1b1,Adeline9,$2a$10$MfvbIn/788.ErI46fSj.wOxj5fkPXlyBd2rlGY0w9CUCB0C2eIq6y,Kevin Aufderhar,Jordi74@gmail.com,https://avatars.githubusercontent.com/u/45158481,admin,2024-10-25 19:24:46.740
169e1488-8edd-4aad-ba7b-584c9183ce57,Amparo_Deckow0,$2a$10$MfvbIn/788.ErI46fSj.wOxj5fkPXlyBd2rlGY0w9CUCB0C2eIq6y,Norris Conn,Melba.Shields@yahoo.com,https://avatars.githubusercontent.com/u/58796042,player,2024-10-25 19:24:46.740
374f1298-eef6-42b2-aae3-abc09f9229cb,Pauline72,$2a$10$MfvbIn/788.ErI46fSj.wOxj5fkPXlyBd2rlGY0w9CUCB0C2eIq6y,Tyler Zemlak,Davin80@gmail.com,https://avatars.githubusercontent.com/u/15277816,player,2024-10-25 19:24:46.740
93c40603-7a89-4912-b1f5-123dca10f093,Kendrick.Adams,$2a$10$MfvbIn/788.ErI46fSj.wOxj5fkPXlyBd2rlGY0w9CUCB0C2eIq6y,Javonte Morar,Melvina.Kshlerin63@hotmail.com,https://avatars.githubusercontent.com/u/86475179,player,2024-10-25 19:24:46.740
c9a45777-af74-498e-a9a0-752ce34b8257,Helmer_Stroman64,$2a$10$MfvbIn/788.ErI46fSj.wOxj5fkPXlyBd2rlGY0w9CUCB0C2eIq6y,Ronny Langosh,Norris30@hotmail.com,https://avatars.githubusercontent.com/u/97971555,player,2024-10-25 19:24:46.740
f14a470e-f884-4d0e-8ac1-e82376c13422,Frankie_Greenfelder,$2a$10$MfvbIn/788.ErI46fSj.wOxj5fkPXlyBd2rlGY0w9CUCB0C2eIq6y,Abigail Bauch,Cheyanne.Lowe@yahoo.com,https://avatars.githubusercontent.com/u/21235875,player,2024-10-25 19:24:46.740
b6a0206c-d29b-4d61-8d25-d3cb284b8b6b,Lera_DAmore24,$2a$10$MfvbIn/788.ErI46fSj.wOxj5fkPXlyBd2rlGY0w9CUCB0C2eIq6y,Hildegard Larson,Linwood61@hotmail.com,https://avatars.githubusercontent.com/u/55182921,admin,2024-10-25 19:24:46.740
5084f399-a3ce-4a60-adc2-7040f7131e02,Karli_Bahringer,$2a$10$MfvbIn/788.ErI46fSj.wOxj5fkPXlyBd2rlGY0w9CUCB0C2eIq6y,Ernestine Bode-Metz,Stephania.Beer@hotmail.com,https://avatars.githubusercontent.com/u/64805235,player,2024-10-25 19:24:46.740
f3fe85a8-a9e6-4d32-be6a-71571e1255b8,Domenica.Erdman64,$2a$10$MfvbIn/788.ErI46fSj.wOxj5fkPXlyBd2rlGY0w9CUCB0C2eIq6y,Audrey Romaguera,Maude.Green45@yahoo.com,https://avatars.githubusercontent.com/u/41889954,player,2024-10-25 19:24:46.740
6573d216-6f8f-4c6d-a0b4-8709c0ab8959,Wanda_VonRueden70,$2a$10$MfvbIn/788.ErI46fSj.wOxj5fkPXlyBd2rlGY0w9CUCB0C2eIq6y,Anderson Trantow,Jena8@hotmail.com,https://avatars.githubusercontent.com/u/74061332,admin,2024-10-25 19:24:46.740
3519cbe3-0e36-496e-ac85-6265951784fc,Enrico_Cremin,$2a$10$MfvbIn/788.ErI46fSj.wOxj5fkPXlyBd2rlGY0w9CUCB0C2eIq6y,Isadore VonRueden,Macie.Harvey30@gmail.com,https://avatars.githubusercontent.com/u/18024924,admin,2024-10-25 19:24:46.740
7d1109ef-f330-4a75-a7e9-3f840a5d03d5,Diamond_Swift,$2a$10$MfvbIn/788.ErI46fSj.wOxj5fkPXlyBd2rlGY0w9CUCB0C2eIq6y,Alta Kunze,Hildegard_Davis63@hotmail.com,https://avatars.githubusercontent.com/u/12470879,player,2024-10-25 19:24:46.740
7a8a4bc4-974c-49d6-975c-049c5e76b694,Dashawn_Cruickshank,$2a$10$MfvbIn/788.ErI46fSj.wOxj5fkPXlyBd2rlGY0w9CUCB0C2eIq6y,Kamren Bode,Karson37@gmail.com,https://avatars.githubusercontent.com/u/40732368,admin,2024-10-25 19:24:46.740
d4262dc7-eb93-4165-a738-7a916ba46ecb,Estell29,$2a$10$MfvbIn/788.ErI46fSj.wOxj5fkPXlyBd2rlGY0w9CUCB0C2eIq6y,Eda Blanda,Seth_Marks22@gmail.com,https://avatars.githubusercontent.com/u/56731533,player,2024-10-25 19:24:46.740
3c848e19-7576-4db8-850d-7bb380757d93,Eduardo37,$2a$10$MfvbIn/788.ErI46fSj.wOxj5fkPXlyBd2rlGY0w9CUCB0C2eIq6y,Tavares Wolff,Clement6@yahoo.com,https://avatars.githubusercontent.com/u/35641661,player,2024-10-25 19:24:46.740
995a2ac6-a86e-4f2f-bcdb-8a14d3085e12,Kellie.Lockman,$2a$10$MfvbIn/788.ErI46fSj.wOxj5fkPXlyBd2rlGY0w9CUCB0C2eIq6y,Michael Osinski,Evalyn96@gmail.com,https://avatars.githubusercontent.com/u/59016328,player,2024-10-25 19:24:46.740
1f114593-0c54-480d-adcd-21e4c11b2b25,Santina_Miller14,$2a$10$MfvbIn/788.ErI46fSj.wOxj5fkPXlyBd2rlGY0w9CUCB0C2eIq6y,Gregoria Reichert,Genevieve_Schuster@yahoo.com,https://avatars.githubusercontent.com/u/73972616,player,2024-10-25 19:24:46.740
5a2f409f-369c-4a06-a9df-db2789e96f91,Yasmine.Wilkinson,$2a$10$MfvbIn/788.ErI46fSj.wOxj5fkPXlyBd2rlGY0w9CUCB0C2eIq6y,Kelton Runolfsson,Aiyana80@yahoo.com,https://avatars.githubusercontent.com/u/33476789,admin,2024-10-25 19:24:46.740
368ac091-10e0-439e-85a5-a63dd3204d63,Hailie_Cassin58,$2a$10$MfvbIn/788.ErI46fSj.wOxj5fkPXlyBd2rlGY0w9CUCB0C2eIq6y,Evalyn Brakus,Savanah92@hotmail.com,https://avatars.githubusercontent.com/u/39971208,admin,2024-10-25 19:24:46.740
3c515638-b51a-40d3-bcaf-7bfb849cc89f,Carson90,$2a$10$MfvbIn/788.ErI46fSj.wOxj5fkPXlyBd2rlGY0w9CUCB0C2eIq6y,Georgiana Beatty,Christina.Williamson66@yahoo.com,https://avatars.githubusercontent.com/u/85072181,player,2024-10-25 19:24:46.740
9ddcba97-8cfa-4b5c-bb77-2fef352b2891,Velda.Satterfield,$2a$10$MfvbIn/788.ErI46fSj.wOxj5fkPXlyBd2rlGY0w9CUCB0C2eIq6y,Jairo Corwin,Aileen_Hackett@hotmail.com,https://avatars.githubusercontent.com/u/6915759,player,2024-10-25 19:24:46.740
87080d4a-4463-47b6-9c15-d4b08225e74a,Mariane.Barrows15,$2a$10$MfvbIn/788.ErI46fSj.wOxj5fkPXlyBd2rlGY0w9CUCB0C2eIq6y,Sydnee Johns,Declan.Tillman@hotmail.com,https://avatars.githubusercontent.com/u/70512351,admin,2024-10-25 19:24:46.740
98d0829c-8eff-4dcd-8d9f-79829d16264d,Tatum_Jenkins50,$2a$10$MfvbIn/788.ErI46fSj.wOxj5fkPXlyBd2rlGY0w9CUCB0C2eIq6y,Kyla Cronin-Kerluke,Arianna.Wilderman@hotmail.com,https://avatars.githubusercontent.com/u/70105513,player,2024-10-25 19:24:46.740
4cef7270-0071-47fa-8fa9-5af419812266,Marjorie.Okuneva10,$2a$10$MfvbIn/788.ErI46fSj.wOxj5fkPXlyBd2rlGY0w9CUCB0C2eIq6y,Alf Kemmer,Kellen.Barton47@yahoo.com,https://avatars.githubusercontent.com/u/83405990,admin,2024-10-25 19:24:46.740
389a3c03-85c9-4410-8b24-9e7ab16cc87d,Lempi_Kihn10,$2a$10$MfvbIn/788.ErI46fSj.wOxj5fkPXlyBd2rlGY0w9CUCB0C2eIq6y,Laurel Wolf,Kylie.Grimes@hotmail.com,https://avatars.githubusercontent.com/u/81508890,admin,2024-10-25 19:24:46.740
1eb55f0e-40aa-4862-a83b-e76f33abcefa,Herminio_Kris,$2a$10$MfvbIn/788.ErI46fSj.wOxj5fkPXlyBd2rlGY0w9CUCB0C2eIq6y,Ivah Hegmann,Fredrick_McCullough@yahoo.com,https://avatars.githubusercontent.com/u/29378907,player,2024-10-25 19:24:46.740
71d9e219-f15d-4c37-9f64-d652df9442f9,Dayton71,$2a$10$MfvbIn/788.ErI46fSj.wOxj5fkPXlyBd2rlGY0w9CUCB0C2eIq6y,Sister Schroeder,Jody.Johns-Hilll87@hotmail.com,https://avatars.githubusercontent.com/u/57946988,admin,2024-10-25 19:24:46.740
78ae94d8-6579-4062-9b26-bd0c8ac4d95e,Roberta60,$2a$10$MfvbIn/788.ErI46fSj.wOxj5fkPXlyBd2rlGY0w9CUCB0C2eIq6y,Vena Halvorson,Tod0@gmail.com,https://avatars.githubusercontent.com/u/46392752,player,2024-10-25 19:24:46.740
edd2c96a-9424-423b-9e9b-f1b23f53aae1,Lacy.Halvorson,$2a$10$MfvbIn/788.ErI46fSj.wOxj5fkPXlyBd2rlGY0w9CUCB0C2eIq6y,Ernie McDermott,Tina.Smitham0@gmail.com,https://avatars.githubusercontent.com/u/5615118,admin,2024-10-25 19:24:46.740
01a7a831-1731-4af5-b88b-f340879838c1,Molly.Satterfield69,$2a$10$MfvbIn/788.ErI46fSj.wOxj5fkPXlyBd2rlGY0w9CUCB0C2eIq6y,Rahul Deckow,Clemens54@yahoo.com,https://avatars.githubusercontent.com/u/20133497,player,2024-10-25 19:24:46.740
017cd370-3f05-4e06-a205-98378bfdcac3,Allie14,$2a$10$MfvbIn/788.ErI46fSj.wOxj5fkPXlyBd2rlGY0w9CUCB0C2eIq6y,Abelardo McLaughlin,Lewis50@gmail.com,https://avatars.githubusercontent.com/u/86518020,admin,2024-10-25 19:24:46.740
4b607ea1-0146-4f8f-972d-a280126a113f,Uriel_McDermott93,$2a$10$MfvbIn/788.ErI46fSj.wOxj5fkPXlyBd2rlGY0w9CUCB0C2eIq6y,Hillard Lynch,Chaz_Schumm@yahoo.com,https://avatars.githubusercontent.com/u/6405631,admin,2024-10-25 19:24:46.740
6392333f-8b88-48f1-bb16-21cfd7cd0273,Bradley.Morissette17,$2a$10$MfvbIn/788.ErI46fSj.wOxj5fkPXlyBd2rlGY0w9CUCB0C2eIq6y,Bonita Hammes,Clay54@yahoo.com,https://avatars.githubusercontent.com/u/44494452,admin,2024-10-25 19:24:46.740
ac0d79c8-8817-41f9-a1cc-8401cc308eb3,Maynard_Kutch,$2a$10$MfvbIn/788.ErI46fSj.wOxj5fkPXlyBd2rlGY0w9CUCB0C2eIq6y,Stevie Kshlerin,Rosanna.Cormier98@hotmail.com,https://avatars.githubusercontent.com/u/56096933,player,2024-10-25 19:24:46.740
208cd187-1fbd-4859-aadb-6ee177ec9e67,Neal_Hahn,$2a$10$MfvbIn/788.ErI46fSj.wOxj5fkPXlyBd2rlGY0w9CUCB0C2eIq6y,Roberta Bartoletti,Shanel26@hotmail.com,https://avatars.githubusercontent.com/u/40007232,admin,2024-10-25 19:24:46.740
cb601da8-4e50-4e4f-be3b-eced7490df7a,Leta.Schuppe27,$2a$10$MfvbIn/788.ErI46fSj.wOxj5fkPXlyBd2rlGY0w9CUCB0C2eIq6y,Mia Mayer,Frankie83@yahoo.com,https://avatars.githubusercontent.com/u/87463331,player,2024-10-25 19:24:46.740
88346016-fdc2-4e29-b4b8-efbf702295fe,Gayle.Kerluke44,$2a$10$MfvbIn/788.ErI46fSj.wOxj5fkPXlyBd2rlGY0w9CUCB0C2eIq6y,Nelson West,Delores36@hotmail.com,https://avatars.githubusercontent.com/u/19683811,player,2024-10-25 19:24:46.740
6fac5d17-674d-4509-87d3-12e10ce22246,Beryl6,$2a$10$MfvbIn/788.ErI46fSj.wOxj5fkPXlyBd2rlGY0w9CUCB0C2eIq6y,Norberto Fadel,Kailyn_Ondricka-Cole64@hotmail.com,https://avatars.githubusercontent.com/u/49493469,admin,2024-10-25 19:24:46.740
9eefac22-b9e4-47ff-9efe-72dcb9e334f2,Vance.Volkman,$2a$10$MfvbIn/788.ErI46fSj.wOxj5fkPXlyBd2rlGY0w9CUCB0C2eIq6y,Adalberto Pagac,Estelle.Tillman36@gmail.com,https://avatars.githubusercontent.com/u/78950050,player,2024-10-25 19:24:46.740
d46d5fb7-aac4-4808-a7f4-dc5f07a401f1,Junior_Kuhlman,$2a$10$MfvbIn/788.ErI46fSj.wOxj5fkPXlyBd2rlGY0w9CUCB0C2eIq6y,Victor Labadie,Marietta_Rolfson@gmail.com,https://avatars.githubusercontent.com/u/56269356,player,2024-10-25 19:24:46.741
94210087-46d5-416f-b71f-284f3f31445e,Ernestina.Wisoky,$2a$10$MfvbIn/788.ErI46fSj.wOxj5fkPXlyBd2rlGY0w9CUCB0C2eIq6y,Verdie Parker,Emmanuel_Konopelski57@yahoo.com,https://avatars.githubusercontent.com/u/18491407,admin,2024-10-25 19:24:46.741
ee81321b-0bb7-485e-823e-91956fdb8388,Leslie_Zboncak,$2a$10$MfvbIn/788.ErI46fSj.wOxj5fkPXlyBd2rlGY0w9CUCB0C2eIq6y,Rex Lemke,Presley.Jacobi@yahoo.com,https://avatars.githubusercontent.com/u/10949588,admin,2024-10-25 19:24:46.741
c8acc099-d67b-4be7-8ffc-7312caa88609,Marlene.Price49,$2a$10$MfvbIn/788.ErI46fSj.wOxj5fkPXlyBd2rlGY0w9CUCB0C2eIq6y,Queen Conroy,Ebony76@yahoo.com,https://avatars.githubusercontent.com/u/54558162,player,2024-10-25 19:24:46.741
e8e2e563-e715-4586-be15-09d64b6d344f,Reyna_Kling76,$2a$10$MfvbIn/788.ErI46fSj.wOxj5fkPXlyBd2rlGY0w9CUCB0C2eIq6y,Jannie Lynch,Natalia_Labadie@hotmail.com,https://avatars.githubusercontent.com/u/29397405,admin,2024-10-25 19:24:46.741
39b36c8a-f847-4655-8c0f-fae6f8000873,Bridget.Ritchie92,$2a$10$MfvbIn/788.ErI46fSj.wOxj5fkPXlyBd2rlGY0w9CUCB0C2eIq6y,Salvador Gerhold,Reymundo81@yahoo.com,https://avatars.githubusercontent.com/u/94581238,admin,2024-10-25 19:24:46.741
cde4cf43-3716-4f37-b950-0d39f81e7617,Ed.Rice95,$2a$10$MfvbIn/788.ErI46fSj.wOxj5fkPXlyBd2rlGY0w9CUCB0C2eIq6y,Kamryn Kertzmann,Jennifer67@yahoo.com,https://avatars.githubusercontent.com/u/41318987,admin,2024-10-25 19:24:46.741
d9816369-651d-4fe7-b788-29d1b3e3cb48,Alexandrea_Borer,$2a$10$MfvbIn/788.ErI46fSj.wOxj5fkPXlyBd2rlGY0w9CUCB0C2eIq6y,Amos Emard,Jakob_Daugherty79@hotmail.com,https://avatars.githubusercontent.com/u/22268456,player,2024-10-25 19:24:46.741
307b489d-cf04-4f47-8d84-98bfb4a6d2a9,Isai_Mraz,$2a$10$MfvbIn/788.ErI46fSj.wOxj5fkPXlyBd2rlGY0w9CUCB0C2eIq6y,Trenton Beahan,Werner53@yahoo.com,https://avatars.githubusercontent.com/u/6414925,player,2024-10-25 19:24:46.741
b476e46b-7908-4f40-b3ba-fd3dc4e34f2d,Luther57,$2a$10$MfvbIn/788.ErI46fSj.wOxj5fkPXlyBd2rlGY0w9CUCB0C2eIq6y,Rhiannon Von,Raphael.Blick-Cronin16@hotmail.com,https://avatars.githubusercontent.com/u/99750591,admin,2024-10-25 19:24:46.741
07d494b2-1d5e-4aa1-be14-0060a625c9a5,Janice46,$2a$10$MfvbIn/788.ErI46fSj.wOxj5fkPXlyBd2rlGY0w9CUCB0C2eIq6y,Nigel Champlin,Esmeralda36@hotmail.com,https://avatars.githubusercontent.com/u/70271433,player,2024-10-25 19:24:46.741
ef174460-849c-44e2-9da4-1db8e175b0e8,Kari40,$2a$10$MfvbIn/788.ErI46fSj.wOxj5fkPXlyBd2rlGY0w9CUCB0C2eIq6y,Mckenna Haley,Broderick_Brown@yahoo.com,https://avatars.githubusercontent.com/u/73599128,player,2024-10-25 19:24:46.741
3ce64416-c574-4817-bbfb-8b57117e7420,Felicity_Casper,$2a$10$MfvbIn/788.ErI46fSj.wOxj5fkPXlyBd2rlGY0w9CUCB0C2eIq6y,Precious Hartmann,Lorenz_Sipes43@hotmail.com,https://avatars.githubusercontent.com/u/90515226,player,2024-10-25 19:24:46.741
9db26e27-17ba-4cc3-a45f-511e9e5474b2,Delpha_Luettgen,$2a$10$MfvbIn/788.ErI46fSj.wOxj5fkPXlyBd2rlGY0w9CUCB0C2eIq6y,Elliott Conroy,Jermaine_Baumbach63@yahoo.com,https://avatars.githubusercontent.com/u/56228283,admin,2024-10-25 19:24:46.741
d8d714b0-59d8-4227-85a4-a6d5711e98d0,Wilford.Roberts,$2a$10$MfvbIn/788.ErI46fSj.wOxj5fkPXlyBd2rlGY0w9CUCB0C2eIq6y,Ora Pfeffer,Cleta_Dare44@gmail.com,https://avatars.githubusercontent.com/u/3877643,player,2024-10-25 19:24:46.741
27c704d1-5589-4316-8175-08ea436f9072,Bennie_Bayer,$2a$10$MfvbIn/788.ErI46fSj.wOxj5fkPXlyBd2rlGY0w9CUCB0C2eIq6y,Telly Feest,Myriam.Collins57@yahoo.com,https://avatars.githubusercontent.com/u/40567638,admin,2024-10-25 19:24:46.741
2a9938d7-a83c-4a5b-94a5-6cea76f1ba4c,Shayne.Becker40,$2a$10$MfvbIn/788.ErI46fSj.wOxj5fkPXlyBd2rlGY0w9CUCB0C2eIq6y,Gerard Wehner,Webster.Paucek95@yahoo.com,https://avatars.githubusercontent.com/u/27156880,admin,2024-10-25 19:24:46.741
f65d582f-b229-4245-ab75-65e8d9fec995,Casey78,$2a$10$MfvbIn/788.ErI46fSj.wOxj5fkPXlyBd2rlGY0w9CUCB0C2eIq6y,Jaren Legros,Vivienne56@yahoo.com,https://avatars.githubusercontent.com/u/80457998,admin,2024-10-25 19:24:46.741
640da253-d1dd-435c-a1dd-ebb5c9d1595a,Marisa.Miller,$2a$10$MfvbIn/788.ErI46fSj.wOxj5fkPXlyBd2rlGY0w9CUCB0C2eIq6y,Magdalen Zboncak,Claud31@yahoo.com,https://avatars.githubusercontent.com/u/37789101,admin,2024-10-25 19:24:46.741
a878d308-0c05-47f2-bfde-579e2dcc14b8,Chasity_Schiller,$2a$10$MfvbIn/788.ErI46fSj.wOxj5fkPXlyBd2rlGY0w9CUCB0C2eIq6y,Thea Ryan,Jazlyn84@gmail.com,https://avatars.githubusercontent.com/u/35387938,player,2024-10-25 19:24:46.741
83f86120-8ede-45ad-83a3-d315e433b925,Brendon.Runolfsson58,$2a$10$MfvbIn/788.ErI46fSj.wOxj5fkPXlyBd2rlGY0w9CUCB0C2eIq6y,Karianne Donnelly,Rod52@hotmail.com,https://avatars.githubusercontent.com/u/47428484,player,2024-10-25 19:24:46.741
2f1d66df-bb60-494f-8e1d-7349894dda46,Arden7,$2a$10$MfvbIn/788.ErI46fSj.wOxj5fkPXlyBd2rlGY0w9CUCB0C2eIq6y,Cleve Rempel,Ransom_Osinski@yahoo.com,https://avatars.githubusercontent.com/u/67491367,player,2024-10-25 19:24:46.741
18f16f00-f2b1-479c-a411-dedc98bdaf28,Claud.Beatty,$2a$10$MfvbIn/788.ErI46fSj.wOxj5fkPXlyBd2rlGY0w9CUCB0C2eIq6y,Johanna Thompson,Donato_Spinka59@yahoo.com,https://avatars.githubusercontent.com/u/91888632,admin,2024-10-25 19:24:46.741
1015a8da-3f02-4dc9-ad72-c50d0af86ee7,Reina_Crona,$2a$10$MfvbIn/788.ErI46fSj.wOxj5fkPXlyBd2rlGY0w9CUCB0C2eIq6y,Franco Schiller,Oswald_Leannon14@hotmail.com,https://avatars.githubusercontent.com/u/21559828,player,2024-10-25 19:24:46.741
a668789c-2273-48e8-92f0-f7303fc87137,Ceasar.Casper,$2a$10$MfvbIn/788.ErI46fSj.wOxj5fkPXlyBd2rlGY0w9CUCB0C2eIq6y,Kitty Jacobs,Mckenna.Larson80@yahoo.com,https://avatars.githubusercontent.com/u/31188363,admin,2024-10-25 19:24:46.741
7ba66a09-a375-493f-a07a-8b976ecad38a,Jett.Hintz31,$2a$10$MfvbIn/788.ErI46fSj.wOxj5fkPXlyBd2rlGY0w9CUCB0C2eIq6y,Lorenza Lubowitz,Reta_Hartmann45@yahoo.com,https://avatars.githubusercontent.com/u/35265551,player,2024-10-25 19:24:46.741
3a1e7dd3-59ff-4069-8646-548c704120de,Lilla87,$2a$10$MfvbIn/788.ErI46fSj.wOxj5fkPXlyBd2rlGY0w9CUCB0C2eIq6y,Aliyah Hermiston,Broderick.Lebsack@gmail.com,https://avatars.githubusercontent.com/u/99273206,admin,2024-10-25 19:24:46.741
5f328cf4-269a-4963-af50-a2a6d217d04e,Hazel86,$2a$10$MfvbIn/788.ErI46fSj.wOxj5fkPXlyBd2rlGY0w9CUCB0C2eIq6y,Kenya Smith,Lila68@gmail.com,https://avatars.githubusercontent.com/u/58559216,admin,2024-10-25 19:24:46.741
a7a0a066-6c45-40fc-a258-e346d59ce778,Simeon56,$2a$10$MfvbIn/788.ErI46fSj.wOxj5fkPXlyBd2rlGY0w9CUCB0C2eIq6y,Treva Metz,Ezekiel_Lind@yahoo.com,https://avatars.githubusercontent.com/u/61035020,player,2024-10-25 19:24:46.741
9b92106c-2e2b-48f2-8d0c-e51468bcda6c,Werner.Wyman,$2a$10$MfvbIn/788.ErI46fSj.wOxj5fkPXlyBd2rlGY0w9CUCB0C2eIq6y,Perry Stark-Senger,Elisabeth.Purdy-Swaniawski4@yahoo.com,https://avatars.githubusercontent.com/u/25741454,player,2024-10-25 19:24:46.741
62f0809a-08e6-4608-9c88-8303366b1f90,Selmer_Bins11,$2a$10$MfvbIn/788.ErI46fSj.wOxj5fkPXlyBd2rlGY0w9CUCB0C2eIq6y,Gregoria Bernhard,Beau36@hotmail.com,https://avatars.githubusercontent.com/u/60394150,admin,2024-10-25 19:24:46.741
486b336d-5ae4-4e6e-b6d8-44a79eb152f3,Kara_Lindgren94,$2a$10$MfvbIn/788.ErI46fSj.wOxj5fkPXlyBd2rlGY0w9CUCB0C2eIq6y,Simone Bradtke,Kallie_Labadie36@gmail.com,https://avatars.githubusercontent.com/u/7058872,admin,2024-10-25 19:24:46.741
1fd6eebc-9382-4c26-8c0b-b0776f5149ed,Kirsten.Streich21,$2a$10$MfvbIn/788.ErI46fSj.wOxj5fkPXlyBd2rlGY0w9CUCB0C2eIq6y,Curtis Hoeger,Tyrell16@yahoo.com,https://avatars.githubusercontent.com/u/15913021,player,2024-10-25 19:24:46.741
826dc03c-361e-47d6-bec7-d132da120c81,Dameon.Rutherford96,$2a$10$MfvbIn/788.ErI46fSj.wOxj5fkPXlyBd2rlGY0w9CUCB0C2eIq6y,Casandra Wisozk,Carli_Bernhard@yahoo.com,https://avatars.githubusercontent.com/u/95293052,admin,2024-10-25 19:24:46.741
eea68f85-ab63-40e8-b448-78595ed9c890,Reece30,$2a$10$MfvbIn/788.ErI46fSj.wOxj5fkPXlyBd2rlGY0w9CUCB0C2eIq6y,Jose Kunze,Jennings82@yahoo.com,https://avatars.githubusercontent.com/u/71224881,admin,2024-10-25 19:24:46.741
51848f5a-f45a-46b9-b9f4-6cfd31840fd8,Jaclyn_Kunze79,$2a$10$MfvbIn/788.ErI46fSj.wOxj5fkPXlyBd2rlGY0w9CUCB0C2eIq6y,Cruz Reinger,Craig.Pfeffer26@gmail.com,https://avatars.githubusercontent.com/u/946304,player,2024-10-25 19:24:46.741
e9c8103c-3ea3-481d-9a4a-20ade235e197,Hassie_Mitchell,$2a$10$MfvbIn/788.ErI46fSj.wOxj5fkPXlyBd2rlGY0w9CUCB0C2eIq6y,Ray Konopelski,Mckenna84@gmail.com,https://avatars.githubusercontent.com/u/76018781,admin,2024-10-25 19:24:46.741
24357fa4-c058-465f-80c7-fe3269389de4,Destiney71,$2a$10$MfvbIn/788.ErI46fSj.wOxj5fkPXlyBd2rlGY0w9CUCB0C2eIq6y,Scottie Beahan,Will.Kerluke@hotmail.com,https://avatars.githubusercontent.com/u/6969251,admin,2024-10-25 19:24:46.741
04ee7223-278f-450a-bcc7-d17e24a57d68,Ned_White82,$2a$10$MfvbIn/788.ErI46fSj.wOxj5fkPXlyBd2rlGY0w9CUCB0C2eIq6y,Demetrius Gusikowski,Connie71@hotmail.com,https://avatars.githubusercontent.com/u/19347046,player,2024-10-25 19:24:46.741
9b29ec31-e91c-4f14-9314-859556e7f4dc,Katrina.West,$2a$10$MfvbIn/788.ErI46fSj.wOxj5fkPXlyBd2rlGY0w9CUCB0C2eIq6y,Emil Marquardt,Germaine.Spencer@gmail.com,https://avatars.githubusercontent.com/u/8889988,admin,2024-10-25 19:24:46.741
176e30bf-8494-4907-bb70-d5b20bffa6c6,Roslyn88,$2a$10$MfvbIn/788.ErI46fSj.wOxj5fkPXlyBd2rlGY0w9CUCB0C2eIq6y,Lukas Streich,Autumn.Schmitt71@hotmail.com,https://avatars.githubusercontent.com/u/21452234,admin,2024-10-25 19:24:46.741
7bfb34ff-bc39-4dee-ae29-9882dc839e8b,Christa.Romaguera,$2a$10$MfvbIn/788.ErI46fSj.wOxj5fkPXlyBd2rlGY0w9CUCB0C2eIq6y,Brendon Fay,Saige19@hotmail.com,https://avatars.githubusercontent.com/u/89007083,player,2024-10-25 19:24:46.741
d5eedd4f-34f6-4b1c-9c0b-fb36f95d3444,Consuelo_Kris,$2a$10$MfvbIn/788.ErI46fSj.wOxj5fkPXlyBd2rlGY0w9CUCB0C2eIq6y,Carrie Renner,Jamel67@yahoo.com,https://avatars.githubusercontent.com/u/2327771,admin,2024-10-25 19:24:46.741
2c980514-d3cb-4ded-a915-4d7e8b2c19a2,Alexie.Runte,$2a$10$MfvbIn/788.ErI46fSj.wOxj5fkPXlyBd2rlGY0w9CUCB0C2eIq6y,Lewis Brown,Akeem.Sauer@gmail.com,https://avatars.githubusercontent.com/u/50237766,admin,2024-10-25 19:24:46.741
db6a9740-aa4d-4ae1-a19f-dca29410a801,Reba99,$2a$10$MfvbIn/788.ErI46fSj.wOxj5fkPXlyBd2rlGY0w9CUCB0C2eIq6y,Ben Wisoky,Lily.Ortiz@hotmail.com,https://avatars.githubusercontent.com/u/18649312,player,2024-10-25 19:24:46.741
427c0520-87b6-4904-aab4-b22068a83876,Gerardo.Fisher,$2a$10$MfvbIn/788.ErI46fSj.wOxj5fkPXlyBd2rlGY0w9CUCB0C2eIq6y,Monty Green,Astrid_Schinner11@gmail.com,https://avatars.githubusercontent.com/u/52482489,admin,2024-10-25 19:24:46.741
9eaff511-965d-4507-bb7c-f96e453d3c8c,Howell_MacGyver70,$2a$10$MfvbIn/788.ErI46fSj.wOxj5fkPXlyBd2rlGY0w9CUCB0C2eIq6y,Alta Wyman,Mallie12@hotmail.com,https://avatars.githubusercontent.com/u/43666517,admin,2024-10-25 19:24:46.741
2f7c6d12-2118-4f3d-ab8f-7b1f0d0132a7,Rodrigo.Klocko47,$2a$10$MfvbIn/788.ErI46fSj.wOxj5fkPXlyBd2rlGY0w9CUCB0C2eIq6y,Ryder Shanahan,Cecilia72@gmail.com,https://avatars.githubusercontent.com/u/9753349,admin,2024-10-25 19:24:46.741
2e5e5658-cb51-4221-8fc6-66b5c2bb44f6,Rebeka16,$2a$10$MfvbIn/788.ErI46fSj.wOxj5fkPXlyBd2rlGY0w9CUCB0C2eIq6y,Gabriel Boyer,Loraine.Rath@hotmail.com,https://avatars.githubusercontent.com/u/78072486,player,2024-10-25 19:24:46.741
d9c8a93a-4c64-48a0-9654-662f52e2fdcc,Merritt_Stamm12,$2a$10$MfvbIn/788.ErI46fSj.wOxj5fkPXlyBd2rlGY0w9CUCB0C2eIq6y,Ashton Reynolds,Isaias.Jacobson@yahoo.com,https://avatars.githubusercontent.com/u/14167200,player,2024-10-25 19:24:46.741
dea770c4-b0a0-42ee-94b6-979fc3bff0f6,Werner.Stamm-Terry54,$2a$10$MfvbIn/788.ErI46fSj.wOxj5fkPXlyBd2rlGY0w9CUCB0C2eIq6y,Claudia Harvey,Roberta.Bergnaum@gmail.com,https://avatars.githubusercontent.com/u/40648529,player,2024-10-25 19:24:46.741
dbd159c6-0df5-465a-b52b-a6b35a60d957,Maegan.Jacobi-Satterfield3,$2a$10$MfvbIn/788.ErI46fSj.wOxj5fkPXlyBd2rlGY0w9CUCB0C2eIq6y,Ruthie Steuber,Cayla.Hessel@gmail.com,https://avatars.githubusercontent.com/u/22241064,admin,2024-10-25 19:24:46.741
647ef8a4-786d-4eba-a05d-76eadc4f0ccd,Parker.Romaguera,$2a$10$MfvbIn/788.ErI46fSj.wOxj5fkPXlyBd2rlGY0w9CUCB0C2eIq6y,Lauren Schumm,Destini94@hotmail.com,https://avatars.githubusercontent.com/u/11748056,admin,2024-10-25 19:24:46.742
b0d65a7b-a382-44fc-942a-52e53f16d4cd,Price.Thompson,$2a$10$MfvbIn/788.ErI46fSj.wOxj5fkPXlyBd2rlGY0w9CUCB0C2eIq6y,Kitty Purdy,Bethany.Bauch-Nolan@hotmail.com,https://avatars.githubusercontent.com/u/13259781,player,2024-10-25 19:24:46.742
084fd815-0c43-411f-a41c-dc691e96b150,Malvina.Wisozk,$2a$10$MfvbIn/788.ErI46fSj.wOxj5fkPXlyBd2rlGY0w9CUCB0C2eIq6y,Gisselle Hirthe,Bernardo_Rohan25@hotmail.com,https://avatars.githubusercontent.com/u/48482163,player,2024-10-25 19:24:46.742
c51b1e1e-16fb-413f-8d78-f0dbd7ffb99c,Sterling_Wisozk36,$2a$10$MfvbIn/788.ErI46fSj.wOxj5fkPXlyBd2rlGY0w9CUCB0C2eIq6y,Madisyn Kub,Rhett83@gmail.com,https://avatars.githubusercontent.com/u/27265760,admin,2024-10-25 19:24:46.742
3d28b5b4-f66e-46ac-aec0-776f9155418f,Roberto47,$2a$10$MfvbIn/788.ErI46fSj.wOxj5fkPXlyBd2rlGY0w9CUCB0C2eIq6y,Mark Feil,Kayli.Harris@gmail.com,https://avatars.githubusercontent.com/u/72856332,admin,2024-10-25 19:24:46.742
353a7ef6-7ef0-47f4-99ec-e0881ecac0d3,Edyth69,$2a$10$MfvbIn/788.ErI46fSj.wOxj5fkPXlyBd2rlGY0w9CUCB0C2eIq6y,Nona Blanda,Freda.Pouros34@gmail.com,https://avatars.githubusercontent.com/u/28785027,player,2024-10-25 19:24:46.742
bf7fbe32-4e4d-4673-a4e0-bc872182a555,Karianne28,$2a$10$MfvbIn/788.ErI46fSj.wOxj5fkPXlyBd2rlGY0w9CUCB0C2eIq6y,Evan Bashirian-Crona,Samanta_Rath95@gmail.com,https://avatars.githubusercontent.com/u/24584019,player,2024-10-25 19:24:46.742
44ccdb3b-b9cb-4786-b4ee-2222022fc9a2,Patricia.Purdy15,$2a$10$MfvbIn/788.ErI46fSj.wOxj5fkPXlyBd2rlGY0w9CUCB0C2eIq6y,Percival O'Conner,Agnes_Goyette-Sporer36@yahoo.com,https://avatars.githubusercontent.com/u/70023223,player,2024-10-25 19:24:46.742
efa9b421-793b-47e1-9ef0-315133eedbc7,Nedra.Pollich,$2a$10$MfvbIn/788.ErI46fSj.wOxj5fkPXlyBd2rlGY0w9CUCB0C2eIq6y,Ima O'Reilly,Noel_Pagac37@yahoo.com,https://avatars.githubusercontent.com/u/33828630,admin,2024-10-25 19:24:46.742
cd2d21ae-3207-4e6e-8889-32043fb19328,Jerod59,$2a$10$MfvbIn/788.ErI46fSj.wOxj5fkPXlyBd2rlGY0w9CUCB0C2eIq6y,Oda Durgan,Theresia_Olson@yahoo.com,https://avatars.githubusercontent.com/u/84155784,player,2024-10-25 19:24:46.742
7ec4cb69-10d8-4b75-a39d-8c1a355cc397,Elody.Welch79,$2a$10$MfvbIn/788.ErI46fSj.wOxj5fkPXlyBd2rlGY0w9CUCB0C2eIq6y,Orin Reinger,Terrell.Herman@yahoo.com,https://avatars.githubusercontent.com/u/25794897,admin,2024-10-25 19:24:46.742
3ecba08e-6323-474f-b8e2-828a4c2c047f,Zackary.Stroman,$2a$10$MfvbIn/788.ErI46fSj.wOxj5fkPXlyBd2rlGY0w9CUCB0C2eIq6y,Brandyn Bosco,Gillian.Bednar84@gmail.com,https://avatars.githubusercontent.com/u/41499922,admin,2024-10-25 19:24:46.742
592e4c42-05cf-4306-afa4-84675be09dd3,Ian8,$2a$10$MfvbIn/788.ErI46fSj.wOxj5fkPXlyBd2rlGY0w9CUCB0C2eIq6y,Werner Glover,Cesar_Stoltenberg82@hotmail.com,https://avatars.githubusercontent.com/u/29879262,player,2024-10-25 19:24:46.742
2d0d3fbc-4d3b-48ef-9e7b-93105c691ea6,Collin_Cummings33,$2a$10$MfvbIn/788.ErI46fSj.wOxj5fkPXlyBd2rlGY0w9CUCB0C2eIq6y,Rogers Rath,Zoey.Schowalter17@gmail.com,https://avatars.githubusercontent.com/u/17656862,player,2024-10-25 19:24:46.742
98bcce9e-b2c7-4b4c-a548-78cbb96d86e2,Jose.Okuneva,$2a$10$MfvbIn/788.ErI46fSj.wOxj5fkPXlyBd2rlGY0w9CUCB0C2eIq6y,Derek Kerluke,Colby97@yahoo.com,https://avatars.githubusercontent.com/u/10112693,player,2024-10-25 19:24:46.742
82c26a59-4438-46db-b2b9-97117990d92b,Quentin.Mosciski85,$2a$10$MfvbIn/788.ErI46fSj.wOxj5fkPXlyBd2rlGY0w9CUCB0C2eIq6y,Petra Skiles,Patience42@gmail.com,https://avatars.githubusercontent.com/u/59683229,player,2024-10-25 19:24:46.742
d25e8511-2ec2-4a2b-b86d-0f4569f58c01,Jana.Sanford39,$2a$10$MfvbIn/788.ErI46fSj.wOxj5fkPXlyBd2rlGY0w9CUCB0C2eIq6y,Nathanael Conn,Vena_Price44@hotmail.com,https://avatars.githubusercontent.com/u/74905419,player,2024-10-25 19:24:46.742
1960f03f-3502-4ad3-80a7-0965ed890658,Gino_Metz54,$2a$10$MfvbIn/788.ErI46fSj.wOxj5fkPXlyBd2rlGY0w9CUCB0C2eIq6y,Arden Schaden,Marta.Smith67@hotmail.com,https://avatars.githubusercontent.com/u/60196614,player,2024-10-25 19:24:46.742
a9f13fc0-3f14-410e-a735-fd7693f2b54d,Brenna.Abbott68,$2a$10$MfvbIn/788.ErI46fSj.wOxj5fkPXlyBd2rlGY0w9CUCB0C2eIq6y,Melisa Renner,Veronica.Wolff@hotmail.com,https://avatars.githubusercontent.com/u/71903281,admin,2024-10-25 19:24:46.742
c2219b0c-f7ef-4cef-8f03-abc30757cefb,Shemar37,$2a$10$MfvbIn/788.ErI46fSj.wOxj5fkPXlyBd2rlGY0w9CUCB0C2eIq6y,Theresa VonRueden,Tamara.Pouros@hotmail.com,https://avatars.githubusercontent.com/u/83810585,player,2024-10-25 19:24:46.742
3db5d021-c550-43d2-9e51-03750b238089,Kane_Mitchell-Buckridge51,$2a$10$MfvbIn/788.ErI46fSj.wOxj5fkPXlyBd2rlGY0w9CUCB0C2eIq6y,Miles Ebert,Jude.Rath@yahoo.com,https://avatars.githubusercontent.com/u/31513679,admin,2024-10-25 19:24:46.742
4cb428b3-79c2-485b-bbf4-d6375bd5840a,Korbin_Graham,$2a$10$MfvbIn/788.ErI46fSj.wOxj5fkPXlyBd2rlGY0w9CUCB0C2eIq6y,Earl Schiller,Laisha_Williamson@gmail.com,https://avatars.githubusercontent.com/u/13658948,admin,2024-10-25 19:24:46.742
20cb08ea-05b3-4847-b60b-ac3f5bfc7f3d,Antonina_Beahan72,$2a$10$MfvbIn/788.ErI46fSj.wOxj5fkPXlyBd2rlGY0w9CUCB0C2eIq6y,Jeffery Kilback,Kathleen15@yahoo.com,https://avatars.githubusercontent.com/u/54559451,admin,2024-10-25 19:24:46.742
112c1551-1fdd-4462-bab2-c7c470f8e2f4,Elyse.Langosh-Ebert80,$2a$10$MfvbIn/788.ErI46fSj.wOxj5fkPXlyBd2rlGY0w9CUCB0C2eIq6y,Myles Halvorson,Ransom12@yahoo.com,https://avatars.githubusercontent.com/u/7448673,player,2024-10-25 19:24:46.743
3b59922e-7398-40ed-bafb-973f763d8c5f,Cortez_OReilly70,$2a$10$MfvbIn/788.ErI46fSj.wOxj5fkPXlyBd2rlGY0w9CUCB0C2eIq6y,Noe MacGyver,Burley_Smith0@hotmail.com,https://avatars.githubusercontent.com/u/9986881,admin,2024-10-25 19:24:46.743
b306bcdc-3fd5-4fee-8760-2cf879a6d373,Hazle75,$2a$10$MfvbIn/788.ErI46fSj.wOxj5fkPXlyBd2rlGY0w9CUCB0C2eIq6y,Louisa Stark,Kirstin.Dare@hotmail.com,https://avatars.githubusercontent.com/u/87456179,admin,2024-10-25 19:24:46.743
d81842bb-5e85-416c-92e9-163dee6d5774,Audrey.Gorczany1,$2a$10$MfvbIn/788.ErI46fSj.wOxj5fkPXlyBd2rlGY0w9CUCB0C2eIq6y,Napoleon Marvin,Kaleb99@hotmail.com,https://avatars.githubusercontent.com/u/75790217,admin,2024-10-25 19:24:46.743
715af6a3-d406-4d25-a523-3df9103b09ad,Ollie_Hirthe,$2a$10$MfvbIn/788.ErI46fSj.wOxj5fkPXlyBd2rlGY0w9CUCB0C2eIq6y,Esteban Macejkovic,Isadore_Bruen@hotmail.com,https://avatars.githubusercontent.com/u/79041266,player,2024-10-25 19:24:46.743
80395d30-3d29-4e10-85f0-8dbd0028c883,Violette18,$2a$10$MfvbIn/788.ErI46fSj.wOxj5fkPXlyBd2rlGY0w9CUCB0C2eIq6y,Dakota Franecki,Jolie_Kuhn68@yahoo.com,https://avatars.githubusercontent.com/u/51288756,admin,2024-10-25 19:24:46.743
a969e5d8-90df-4cb2-b0af-f269d2bddaa8,Hal.Schinner,$2a$10$MfvbIn/788.ErI46fSj.wOxj5fkPXlyBd2rlGY0w9CUCB0C2eIq6y,Millie Senger,Eva.Breitenberg@hotmail.com,https://avatars.githubusercontent.com/u/35529182,player,2024-10-25 19:24:46.744
8a633e29-3c4d-4f1f-84aa-abac2805dcd1,Leatha.Rippin,$2a$10$MfvbIn/788.ErI46fSj.wOxj5fkPXlyBd2rlGY0w9CUCB0C2eIq6y,Marcelino Haag,Dejon43@hotmail.com,https://avatars.githubusercontent.com/u/53012837,player,2024-10-25 19:24:46.744
a54ea02b-44a8-4be4-a071-2138c346a2bd,Leland_Kutch31,$2a$10$MfvbIn/788.ErI46fSj.wOxj5fkPXlyBd2rlGY0w9CUCB0C2eIq6y,Ollie Abbott,Andre58@yahoo.com,https://avatars.githubusercontent.com/u/83137779,admin,2024-10-25 19:24:46.744
b02a2896-b34e-4176-a828-8f70076d353e,Bradford.Williamson,$2a$10$MfvbIn/788.ErI46fSj.wOxj5fkPXlyBd2rlGY0w9CUCB0C2eIq6y,Coy Huel,Elmer5@hotmail.com,https://avatars.githubusercontent.com/u/44168549,player,2024-10-25 19:24:46.744
841b3e91-7b8b-4d39-bf25-f47e47026075,Jacinthe_Breitenberg,$2a$10$MfvbIn/788.ErI46fSj.wOxj5fkPXlyBd2rlGY0w9CUCB0C2eIq6y,Jaime Schneider,Angel_Ferry-Torp51@gmail.com,https://avatars.githubusercontent.com/u/13253006,player,2024-10-25 19:24:46.744
3aa57b98-30f2-4d1f-be1e-cc8e7cc5e988,Lizeth_Armstrong,$2a$10$MfvbIn/788.ErI46fSj.wOxj5fkPXlyBd2rlGY0w9CUCB0C2eIq6y,Jesus Schiller,Wyman_Bruen@yahoo.com,https://avatars.githubusercontent.com/u/85155897,player,2024-10-25 19:24:46.744
bcae96b2-c985-4317-953d-48c16cebd02b,Lincoln91,$2a$10$MfvbIn/788.ErI46fSj.wOxj5fkPXlyBd2rlGY0w9CUCB0C2eIq6y,Johanna Harvey,Edison_Huel52@hotmail.com,https://avatars.githubusercontent.com/u/38503198,player,2024-10-25 19:24:46.744
d7f25e10-a41f-4fc5-86d1-7e7dc245d7e4,Nathanael_Parisian4,$2a$10$MfvbIn/788.ErI46fSj.wOxj5fkPXlyBd2rlGY0w9CUCB0C2eIq6y,Cordelia Grady,Nicola94@yahoo.com,https://avatars.githubusercontent.com/u/4117537,player,2024-10-25 19:24:46.744
d85eb182-fb61-464e-a4f9-7b6667040a92,Winifred_Thompson58,$2a$10$MfvbIn/788.ErI46fSj.wOxj5fkPXlyBd2rlGY0w9CUCB0C2eIq6y,Alena Bergnaum,Lee_Kautzer94@gmail.com,https://avatars.githubusercontent.com/u/30664759,admin,2024-10-25 19:24:46.744
cfda2d0c-22ee-4c73-bb2d-7f9c5e1c1571,Hollie62,$2a$10$MfvbIn/788.ErI46fSj.wOxj5fkPXlyBd2rlGY0w9CUCB0C2eIq6y,Hayley Gulgowski,Jessica.Reilly@yahoo.com,https://avatars.githubusercontent.com/u/49457236,player,2024-10-25 19:24:46.744
e580e53b-cf0b-4419-9621-32a73c213983,Camilla.Ernser65,$2a$10$MfvbIn/788.ErI46fSj.wOxj5fkPXlyBd2rlGY0w9CUCB0C2eIq6y,Kellen Pfeffer,Fabiola.Gutmann@gmail.com,https://avatars.githubusercontent.com/u/26153447,player,2024-10-25 19:24:46.744
bc8afa6a-6bd5-4760-96a5-1c924a55faf0,Kallie_Buckridge,$2a$10$MfvbIn/788.ErI46fSj.wOxj5fkPXlyBd2rlGY0w9CUCB0C2eIq6y,Tara Buckridge,Eleonore62@hotmail.com,https://avatars.githubusercontent.com/u/14050057,player,2024-10-25 19:24:46.744
8e50fd6a-1a47-4bf6-81df-11785fb19629,Dameon15,$2a$10$MfvbIn/788.ErI46fSj.wOxj5fkPXlyBd2rlGY0w9CUCB0C2eIq6y,Zoey Braun,Scottie18@gmail.com,https://avatars.githubusercontent.com/u/43789720,admin,2024-10-25 19:24:46.744
bb5fd059-b7d3-4bf2-b143-2a3d6ab5a936,Jannie_Quitzon,$2a$10$MfvbIn/788.ErI46fSj.wOxj5fkPXlyBd2rlGY0w9CUCB0C2eIq6y,Cesar Bernier,Helena7@gmail.com,https://avatars.githubusercontent.com/u/6524162,admin,2024-10-25 19:24:46.744
aef6930e-ecaf-49b9-a473-1774a00346a5,Darius_Abshire33,$2a$10$MfvbIn/788.ErI46fSj.wOxj5fkPXlyBd2rlGY0w9CUCB0C2eIq6y,Marcellus Spencer,Chadrick_Schaefer-Kihn40@hotmail.com,https://avatars.githubusercontent.com/u/94999856,player,2024-10-25 19:24:46.744
68b597c2-de68-496a-be14-315cec24ae13,Edwin95,$2a$10$MfvbIn/788.ErI46fSj.wOxj5fkPXlyBd2rlGY0w9CUCB0C2eIq6y,Shirley Howe,Skye_Buckridge69@hotmail.com,https://avatars.githubusercontent.com/u/6287583,player,2024-10-25 19:24:46.744
20fa1fa8-27d7-4586-b534-4c174a52bca9,Bettie37,$2a$10$MfvbIn/788.ErI46fSj.wOxj5fkPXlyBd2rlGY0w9CUCB0C2eIq6y,Cleora Wyman,Hilton.Franecki1@hotmail.com,https://avatars.githubusercontent.com/u/86858538,player,2024-10-25 19:24:46.744
61dc8650-bac8-4663-bd4e-ceb0bfc05836,Stacey50,$2a$10$MfvbIn/788.ErI46fSj.wOxj5fkPXlyBd2rlGY0w9CUCB0C2eIq6y,Lorenzo Mayer,Erika2@yahoo.com,https://avatars.githubusercontent.com/u/90826646,player,2024-10-25 19:24:46.744
7f16ddc7-afed-40b6-838c-6a1dce842974,Lura_Heathcote87,$2a$10$MfvbIn/788.ErI46fSj.wOxj5fkPXlyBd2rlGY0w9CUCB0C2eIq6y,Buster Schmeler,Shawna_Connelly@gmail.com,https://avatars.githubusercontent.com/u/40098010,player,2024-10-25 19:24:46.744
df806147-9686-44e6-b1d3-0be8d2990547,Amaya_Rath,$2a$10$MfvbIn/788.ErI46fSj.wOxj5fkPXlyBd2rlGY0w9CUCB0C2eIq6y,Darwin Kuhlman,Maximillian_Pfeffer@hotmail.com,https://avatars.githubusercontent.com/u/95284170,player,2024-10-25 19:24:46.744
893c64ba-caf8-4ac8-a5f7-95fb7e19f23b,Nils.Auer-Lebsack28,$2a$10$MfvbIn/788.ErI46fSj.wOxj5fkPXlyBd2rlGY0w9CUCB0C2eIq6y,Eloisa Gerhold,Rachael.Fadel51@yahoo.com,https://avatars.githubusercontent.com/u/49653785,admin,2024-10-25 19:24:46.744
0fb106ad-ed89-4805-88ee-f1fd2315ab8c,Lorine34,$2a$10$MfvbIn/788.ErI46fSj.wOxj5fkPXlyBd2rlGY0w9CUCB0C2eIq6y,Haven Turcotte,Jerrod14@gmail.com,https://avatars.githubusercontent.com/u/16229736,admin,2024-10-25 19:24:46.744
b71d2ae4-7ca9-4128-92c1-895cbb744e83,Magnolia15,$2a$10$MfvbIn/788.ErI46fSj.wOxj5fkPXlyBd2rlGY0w9CUCB0C2eIq6y,Mathias Funk,Cloyd_Feest60@yahoo.com,https://avatars.githubusercontent.com/u/35279680,admin,2024-10-25 19:24:46.744
815db97b-a978-4113-8254-0ef160bb248f,Garrison_Torphy,$2a$10$MfvbIn/788.ErI46fSj.wOxj5fkPXlyBd2rlGY0w9CUCB0C2eIq6y,Vernie Kohler,Joana.Jones52@yahoo.com,https://avatars.githubusercontent.com/u/80738776,player,2024-10-25 19:24:46.744
a440ea2b-c8ce-4993-9f66-1bfdff23a00c,Reynold1,$2a$10$MfvbIn/788.ErI46fSj.wOxj5fkPXlyBd2rlGY0w9CUCB0C2eIq6y,Carmine Rosenbaum,Dee.Langosh@yahoo.com,https://avatars.githubusercontent.com/u/35740072,admin,2024-10-25 19:24:46.744
e9d6d170-d110-4216-aef5-49863fa9d0a0,Perry.Murazik,$2a$10$MfvbIn/788.ErI46fSj.wOxj5fkPXlyBd2rlGY0w9CUCB0C2eIq6y,Dayton Aufderhar,Sonny90@hotmail.com,https://avatars.githubusercontent.com/u/98260224,player,2024-10-25 19:24:46.744
9fbc5f55-d6d0-4c58-8ac6-725e000151a4,Alexandra.Turcotte-Franecki,$2a$10$MfvbIn/788.ErI46fSj.wOxj5fkPXlyBd2rlGY0w9CUCB0C2eIq6y,Providenci Mayert,Teresa_Hintz72@hotmail.com,https://avatars.githubusercontent.com/u/22594184,admin,2024-10-25 19:24:46.744
ebcaa17e-19b9-4326-b1d8-1bb578fbf93e,Dimitri54,$2a$10$MfvbIn/788.ErI46fSj.wOxj5fkPXlyBd2rlGY0w9CUCB0C2eIq6y,Donavon Pouros,Kacie70@hotmail.com,https://avatars.githubusercontent.com/u/82647225,player,2024-10-25 19:24:46.744
712ec9a9-a85d-473a-a31f-4b5d3b5c7a2c,Stanton81,$2a$10$MfvbIn/788.ErI46fSj.wOxj5fkPXlyBd2rlGY0w9CUCB0C2eIq6y,Marisa Kuhn,Adan_Johnston62@gmail.com,https://avatars.githubusercontent.com/u/9200225,admin,2024-10-25 19:24:46.744
b43517d0-4736-4c9c-a9c2-e76360f3549b,Murphy47,$2a$10$MfvbIn/788.ErI46fSj.wOxj5fkPXlyBd2rlGY0w9CUCB0C2eIq6y,Esther Konopelski-Hayes,Ibrahim_Turcotte@hotmail.com,https://avatars.githubusercontent.com/u/16934932,player,2024-10-25 19:24:46.744
7f366420-1b95-4699-98ca-795ce1999a40,Emilie.Harber5,$2a$10$MfvbIn/788.ErI46fSj.wOxj5fkPXlyBd2rlGY0w9CUCB0C2eIq6y,Emilio Armstrong,Providenci11@yahoo.com,https://avatars.githubusercontent.com/u/84928895,player,2024-10-25 19:24:46.744
2d948e68-0d5a-4af0-95a0-823b539a4f81,Isabel_Funk,$2a$10$MfvbIn/788.ErI46fSj.wOxj5fkPXlyBd2rlGY0w9CUCB0C2eIq6y,Vincenza Dach,Dejon_Cruickshank52@yahoo.com,https://avatars.githubusercontent.com/u/44275310,player,2024-10-25 19:24:46.744
4a702b1a-ec0f-4706-97ac-81691606feee,Neoma.Hegmann,$2a$10$MfvbIn/788.ErI46fSj.wOxj5fkPXlyBd2rlGY0w9CUCB0C2eIq6y,Nat Pfeffer,Maeve6@yahoo.com,https://avatars.githubusercontent.com/u/2637607,player,2024-10-25 19:24:46.744
30bcab84-c109-47fe-bcb5-d7d09b9c5c75,Ronny_Mohr56,$2a$10$MfvbIn/788.ErI46fSj.wOxj5fkPXlyBd2rlGY0w9CUCB0C2eIq6y,Angelo Kohler,Kiera_Blanda@hotmail.com,https://avatars.githubusercontent.com/u/78973096,admin,2024-10-25 19:24:46.744
3a74482c-472e-493a-882b-e2add756ccc4,Kaycee51,$2a$10$MfvbIn/788.ErI46fSj.wOxj5fkPXlyBd2rlGY0w9CUCB0C2eIq6y,Ona Stroman,Graciela.Murazik@hotmail.com,https://avatars.githubusercontent.com/u/52194399,admin,2024-10-25 19:24:46.744
60e8a81a-0ba0-4aba-932f-803b67cf498a,Nikolas94,$2a$10$MfvbIn/788.ErI46fSj.wOxj5fkPXlyBd2rlGY0w9CUCB0C2eIq6y,Elna Daugherty,Alek_Kessler37@hotmail.com,https://avatars.githubusercontent.com/u/65233654,admin,2024-10-25 19:24:46.744
246b73c1-30c4-4b16-86ad-79b245608c0d,Xzavier30,$2a$10$MfvbIn/788.ErI46fSj.wOxj5fkPXlyBd2rlGY0w9CUCB0C2eIq6y,Keyon Fadel,Theodora.Wintheiser41@yahoo.com,https://avatars.githubusercontent.com/u/96819355,player,2024-10-25 19:24:46.744
cf957690-4fe6-45af-b37d-2073bddafbed,Clay_Keeling90,$2a$10$MfvbIn/788.ErI46fSj.wOxj5fkPXlyBd2rlGY0w9CUCB0C2eIq6y,Elmo Kuhic,Marilyne_West@gmail.com,https://avatars.githubusercontent.com/u/99133816,player,2024-10-25 19:24:46.744
ab4b3f12-e3bd-4cae-87ba-e22539b7abff,Lane_Spinka,$2a$10$MfvbIn/788.ErI46fSj.wOxj5fkPXlyBd2rlGY0w9CUCB0C2eIq6y,Khalil Mitchell,Mandy96@gmail.com,https://avatars.githubusercontent.com/u/3680300,player,2024-10-25 19:24:46.744
6a38b333-5e82-47b2-ab08-12612432364e,Amber.Schuster,$2a$10$MfvbIn/788.ErI46fSj.wOxj5fkPXlyBd2rlGY0w9CUCB0C2eIq6y,Florian Koepp,Kattie5@gmail.com,https://avatars.githubusercontent.com/u/15505288,admin,2024-10-25 19:24:46.744
86e767d2-bed1-46c0-878e-e76b42123d86,Alvera91,$2a$10$MfvbIn/788.ErI46fSj.wOxj5fkPXlyBd2rlGY0w9CUCB0C2eIq6y,Zion O'Keefe,Tristin99@yahoo.com,https://avatars.githubusercontent.com/u/99905560,admin,2024-10-25 19:24:46.744
8e8412b5-8c01-4982-a118-afc7efd945ca,Lonny.Rogahn,$2a$10$MfvbIn/788.ErI46fSj.wOxj5fkPXlyBd2rlGY0w9CUCB0C2eIq6y,Reba Rowe,Dario54@hotmail.com,https://avatars.githubusercontent.com/u/7556753,player,2024-10-25 19:24:46.744
ce8ed2db-939d-4be7-9d62-140206b9b024,Shana89,$2a$10$MfvbIn/788.ErI46fSj.wOxj5fkPXlyBd2rlGY0w9CUCB0C2eIq6y,Delta Grady,Chaz.Mertz96@gmail.com,https://avatars.githubusercontent.com/u/82424702,player,2024-10-25 19:24:46.744
523ab761-bff2-4fb4-967b-d2fee7ee0d2f,Holden7,$2a$10$MfvbIn/788.ErI46fSj.wOxj5fkPXlyBd2rlGY0w9CUCB0C2eIq6y,Henri Greenfelder,Tyree78@gmail.com,https://avatars.githubusercontent.com/u/24602106,admin,2024-10-25 19:24:46.744
88fa0f74-5843-4eaf-bb15-4ba09fdfaf7f,Laury.Hayes,$2a$10$MfvbIn/788.ErI46fSj.wOxj5fkPXlyBd2rlGY0w9CUCB0C2eIq6y,Winona Lindgren,Triston.Fritsch-Gottlieb@yahoo.com,https://avatars.githubusercontent.com/u/14782119,admin,2024-10-25 19:24:46.744
24585495-bfad-44c8-9953-9985b65a7787,Wilfred_Schultz,$2a$10$MfvbIn/788.ErI46fSj.wOxj5fkPXlyBd2rlGY0w9CUCB0C2eIq6y,Madonna Simonis,Wallace.Casper@yahoo.com,https://avatars.githubusercontent.com/u/7990075,admin,2024-10-25 19:24:46.744
500a4264-a480-4211-8a6b-f54e98bcff1a,Ramona54,$2a$10$MfvbIn/788.ErI46fSj.wOxj5fkPXlyBd2rlGY0w9CUCB0C2eIq6y,Vida White,Ava26@gmail.com,https://avatars.githubusercontent.com/u/23250519,admin,2024-10-25 19:24:46.744
0e8d1356-b051-4ef2-8f60-44cf3f6fd655,Alanis10,$2a$10$MfvbIn/788.ErI46fSj.wOxj5fkPXlyBd2rlGY0w9CUCB0C2eIq6y,Keara Bergnaum,Alycia44@hotmail.com,https://avatars.githubusercontent.com/u/48113687,player,2024-10-25 19:24:46.744
2d2efcca-dfba-4626-b03c-5084865e48ea,Jovan.Gutmann95,$2a$10$MfvbIn/788.ErI46fSj.wOxj5fkPXlyBd2rlGY0w9CUCB0C2eIq6y,Orion Parisian,Gina_Glover@gmail.com,https://avatars.githubusercontent.com/u/57559049,admin,2024-10-25 19:24:46.744
258e2960-9458-4b0c-898c-cec596f10574,Ellis_Runolfsson,$2a$10$MfvbIn/788.ErI46fSj.wOxj5fkPXlyBd2rlGY0w9CUCB0C2eIq6y,Kathryne Marks,Eulalia78@gmail.com,https://avatars.githubusercontent.com/u/51421553,player,2024-10-25 19:24:46.744
19f46346-bbea-4478-a4d6-85b3851d7b2f,Kelsie_Hauck,$2a$10$MfvbIn/788.ErI46fSj.wOxj5fkPXlyBd2rlGY0w9CUCB0C2eIq6y,Jillian Padberg,Elias66@yahoo.com,https://avatars.githubusercontent.com/u/90116815,admin,2024-10-25 19:24:46.744
a39d486d-430b-439f-862c-fc2652f9d75a,Mikayla.Price18,$2a$10$MfvbIn/788.ErI46fSj.wOxj5fkPXlyBd2rlGY0w9CUCB0C2eIq6y,Henri Kub,Clair85@yahoo.com,https://avatars.githubusercontent.com/u/98769448,player,2024-10-25 19:24:46.744
d271692c-5fd2-4fa2-a97a-b7d9978fa320,Eriberto.Goldner,$2a$10$MfvbIn/788.ErI46fSj.wOxj5fkPXlyBd2rlGY0w9CUCB0C2eIq6y,Abel Boyer,Ava.Streich49@gmail.com,https://avatars.githubusercontent.com/u/4176916,player,2024-10-25 19:24:46.744
8207e077-4e9c-4abb-b0b3-92f2ebe985f4,Brain.Wolff22,$2a$10$MfvbIn/788.ErI46fSj.wOxj5fkPXlyBd2rlGY0w9CUCB0C2eIq6y,Clair Lebsack,Jarrett_Pacocha97@yahoo.com,https://avatars.githubusercontent.com/u/34948143,admin,2024-10-25 19:24:46.744
fe56afb9-8957-4408-b6e9-f7d90b5bb4ce,Giovani_Smitham,$2a$10$MfvbIn/788.ErI46fSj.wOxj5fkPXlyBd2rlGY0w9CUCB0C2eIq6y,Arturo Schaefer,Rusty67@yahoo.com,https://avatars.githubusercontent.com/u/98983071,admin,2024-10-25 19:24:46.744
950a6488-b5f4-4b8d-9363-64b5eba021d5,Keira.Bahringer58,$2a$10$MfvbIn/788.ErI46fSj.wOxj5fkPXlyBd2rlGY0w9CUCB0C2eIq6y,Raoul Boyle,Christa14@hotmail.com,https://avatars.githubusercontent.com/u/37746289,admin,2024-10-25 19:24:46.744
77431f1a-87f5-4e70-b1aa-99bece0dfbe7,Martina32,$2a$10$MfvbIn/788.ErI46fSj.wOxj5fkPXlyBd2rlGY0w9CUCB0C2eIq6y,Maynard West,Harmon.Romaguera61@gmail.com,https://avatars.githubusercontent.com/u/9914429,player,2024-10-25 19:24:46.744
1cb9ee4d-bf4a-4ae6-ae8d-ffae851b3bbc,Ferne.Bogan-Witting,$2a$10$MfvbIn/788.ErI46fSj.wOxj5fkPXlyBd2rlGY0w9CUCB0C2eIq6y,Loraine Welch,Annette.Wilderman93@yahoo.com,https://avatars.githubusercontent.com/u/89206405,admin,2024-10-25 19:24:46.744
bddce49b-5591-407f-bf64-fbaf87c3d568,Kenya.Mertz49,$2a$10$MfvbIn/788.ErI46fSj.wOxj5fkPXlyBd2rlGY0w9CUCB0C2eIq6y,Marilie Waters,Waino50@hotmail.com,https://avatars.githubusercontent.com/u/99189293,admin,2024-10-25 19:24:46.744
7fffa37b-cedd-4c2a-b63c-acc5dc07f019,Elena.Strosin-Larkin,$2a$10$MfvbIn/788.ErI46fSj.wOxj5fkPXlyBd2rlGY0w9CUCB0C2eIq6y,Greyson Friesen,Jaylan46@hotmail.com,https://avatars.githubusercontent.com/u/99044409,admin,2024-10-25 19:24:46.744
4eea7d05-edfe-4510-994b-48d7154cbf36,Bradly91,$2a$10$MfvbIn/788.ErI46fSj.wOxj5fkPXlyBd2rlGY0w9CUCB0C2eIq6y,Valentine Leannon,Dejah.Stamm84@yahoo.com,https://avatars.githubusercontent.com/u/28382539,admin,2024-10-25 19:24:46.744
6a0abead-72b1-4a69-a958-9868c68ae5e7,Brielle.Blanda-Auer,$2a$10$MfvbIn/788.ErI46fSj.wOxj5fkPXlyBd2rlGY0w9CUCB0C2eIq6y,Lisette Bruen,Eleonore_Koss70@gmail.com,https://avatars.githubusercontent.com/u/86767353,admin,2024-10-25 19:24:46.745
11798cf4-6275-421a-a951-a424c3f5db82,Dell.Boehm,$2a$10$MfvbIn/788.ErI46fSj.wOxj5fkPXlyBd2rlGY0w9CUCB0C2eIq6y,Adeline Hudson,Prince_Price@gmail.com,https://avatars.githubusercontent.com/u/56176900,player,2024-10-25 19:24:46.745
35ef48d1-7127-4f3a-868b-939daa3f9cd9,Adolf11,$2a$10$MfvbIn/788.ErI46fSj.wOxj5fkPXlyBd2rlGY0w9CUCB0C2eIq6y,Sherman Fadel,Alfonzo71@hotmail.com,https://avatars.githubusercontent.com/u/3256394,player,2024-10-25 19:24:46.745
ad8a9f25-0f1b-4358-b6c3-378cb2865777,Gaetano.Abernathy91,$2a$10$MfvbIn/788.ErI46fSj.wOxj5fkPXlyBd2rlGY0w9CUCB0C2eIq6y,Aisha Herzog,Erna66@yahoo.com,https://avatars.githubusercontent.com/u/69365493,player,2024-10-25 19:24:46.745
e34b64db-f20d-4ff9-819a-2fd8d73121d9,Coy_Marquardt64,$2a$10$MfvbIn/788.ErI46fSj.wOxj5fkPXlyBd2rlGY0w9CUCB0C2eIq6y,Richie Yundt,Dejah_Jerde64@gmail.com,https://avatars.githubusercontent.com/u/75393422,player,2024-10-25 19:24:46.745
f42142b2-ab9f-4da2-bad2-d17bac7f13f8,Paxton.Stracke,$2a$10$MfvbIn/788.ErI46fSj.wOxj5fkPXlyBd2rlGY0w9CUCB0C2eIq6y,Narciso Wolf-Lakin,Edgardo.Legros@hotmail.com,https://avatars.githubusercontent.com/u/74049564,admin,2024-10-25 19:24:46.745
c56acb7b-8c6a-4e7f-b59a-912322a59e4c,Yessenia.Leannon2,$2a$10$MfvbIn/788.ErI46fSj.wOxj5fkPXlyBd2rlGY0w9CUCB0C2eIq6y,Germaine Smith,Olin_Goodwin87@yahoo.com,https://avatars.githubusercontent.com/u/99225938,admin,2024-10-25 19:24:46.745
d78dd02c-8e11-4a3f-aeb1-88223b1ea27c,Maximillian94,$2a$10$MfvbIn/788.ErI46fSj.wOxj5fkPXlyBd2rlGY0w9CUCB0C2eIq6y,Darius Thompson,Nico27@hotmail.com,https://avatars.githubusercontent.com/u/53431415,player,2024-10-25 19:24:46.745
e677b329-a0b2-4055-8f99-c9aca099d324,Bert.Goodwin51,$2a$10$MfvbIn/788.ErI46fSj.wOxj5fkPXlyBd2rlGY0w9CUCB0C2eIq6y,Terrell Kirlin,Isabel2@hotmail.com,https://avatars.githubusercontent.com/u/29851194,player,2024-10-25 19:24:46.745
a0dd7341-721f-46ef-9688-cbd019f05922,Dahlia89,$2a$10$MfvbIn/788.ErI46fSj.wOxj5fkPXlyBd2rlGY0w9CUCB0C2eIq6y,Tony Anderson,Mollie.Hintz52@yahoo.com,https://avatars.githubusercontent.com/u/1177775,admin,2024-10-25 19:24:46.745
51f465fc-52ec-4d1a-a04b-7ae46da00c21,George.Bednar,$2a$10$MfvbIn/788.ErI46fSj.wOxj5fkPXlyBd2rlGY0w9CUCB0C2eIq6y,Noelia Kunze,Willard.Mertz40@hotmail.com,https://avatars.githubusercontent.com/u/29772781,admin,2024-10-25 19:24:46.745
e25d6679-9261-4b84-a65c-79829a5d8043,Crystal79,$2a$10$MfvbIn/788.ErI46fSj.wOxj5fkPXlyBd2rlGY0w9CUCB0C2eIq6y,Kian Goldner,Quentin.Langosh80@hotmail.com,https://avatars.githubusercontent.com/u/81792231,player,2024-10-25 19:24:46.745
8f966be2-c993-4f9e-a20b-8fddbdb6503b,Viva_Hahn,$2a$10$MfvbIn/788.ErI46fSj.wOxj5fkPXlyBd2rlGY0w9CUCB0C2eIq6y,Muriel Funk,Charity21@gmail.com,https://avatars.githubusercontent.com/u/74672810,player,2024-10-25 19:24:46.745
242cd714-7432-455d-973b-4979e4c7d426,Cortney_Johnston,$2a$10$MfvbIn/788.ErI46fSj.wOxj5fkPXlyBd2rlGY0w9CUCB0C2eIq6y,Ryley Kreiger,Shaina27@hotmail.com,https://avatars.githubusercontent.com/u/99615202,player,2024-10-25 19:24:46.745
a9b76f3c-c164-4b2a-a0bd-fe1aee3000d0,Ava_Crooks60,$2a$10$MfvbIn/788.ErI46fSj.wOxj5fkPXlyBd2rlGY0w9CUCB0C2eIq6y,Frederique Rippin,Orlando_Lemke35@yahoo.com,https://avatars.githubusercontent.com/u/63305803,player,2024-10-25 19:24:46.745
04e32c68-633c-40df-bd0f-71f0712ad933,Coy_Dare34,$2a$10$MfvbIn/788.ErI46fSj.wOxj5fkPXlyBd2rlGY0w9CUCB0C2eIq6y,Johanna Marks,Savannah.McKenzie@gmail.com,https://avatars.githubusercontent.com/u/55669172,admin,2024-10-25 19:24:46.745
875a224b-9df7-4bfb-baf4-99913316dea0,Lukas_Wiza71,$2a$10$MfvbIn/788.ErI46fSj.wOxj5fkPXlyBd2rlGY0w9CUCB0C2eIq6y,Brenden Macejkovic,Lincoln49@hotmail.com,https://avatars.githubusercontent.com/u/20042545,admin,2024-10-25 19:24:46.745
4e3b0ea4-8c2d-4682-ad33-3c6e5057263f,Lexi.Schaden86,$2a$10$MfvbIn/788.ErI46fSj.wOxj5fkPXlyBd2rlGY0w9CUCB0C2eIq6y,Aurelia Kirlin,Gudrun64@yahoo.com,https://avatars.githubusercontent.com/u/96692457,admin,2024-10-25 19:24:46.745
7a9ddaba-e5d3-4e64-980f-b1c9d93eef5c,Green33,$2a$10$MfvbIn/788.ErI46fSj.wOxj5fkPXlyBd2rlGY0w9CUCB0C2eIq6y,Mekhi Huels,Maia20@hotmail.com,https://avatars.githubusercontent.com/u/58410134,player,2024-10-25 19:24:46.745
affdfbc2-e550-4abe-b298-a64306062359,Jany67,$2a$10$MfvbIn/788.ErI46fSj.wOxj5fkPXlyBd2rlGY0w9CUCB0C2eIq6y,Lizzie Hagenes,Briana.Weimann40@gmail.com,https://avatars.githubusercontent.com/u/9927443,player,2024-10-25 19:24:46.745
f96f95e9-c9d4-4dbd-9364-5bb4f9905190,Milford54,$2a$10$MfvbIn/788.ErI46fSj.wOxj5fkPXlyBd2rlGY0w9CUCB0C2eIq6y,Corbin Davis,Santiago_OKon-Kilback@gmail.com,https://avatars.githubusercontent.com/u/53359113,player,2024-10-25 19:24:46.745
9143d6df-b94b-4f00-b10a-234a4c5e6811,Blaise_Wiza54,$2a$10$MfvbIn/788.ErI46fSj.wOxj5fkPXlyBd2rlGY0w9CUCB0C2eIq6y,Marietta Stoltenberg,Mafalda_Abernathy@yahoo.com,https://avatars.githubusercontent.com/u/82836761,player,2024-10-25 19:24:46.745
f351cdd7-4ea5-4606-8bf3-aec5a90338ef,Araceli87,$2a$10$MfvbIn/788.ErI46fSj.wOxj5fkPXlyBd2rlGY0w9CUCB0C2eIq6y,Clovis Kris-Mraz,Omer.Grimes24@yahoo.com,https://avatars.githubusercontent.com/u/51203767,admin,2024-10-25 19:24:46.745
82a0f97f-60e2-4f98-8899-ae6b4fc8644d,Armando_Morar,$2a$10$MfvbIn/788.ErI46fSj.wOxj5fkPXlyBd2rlGY0w9CUCB0C2eIq6y,Ron Sanford,Amira_Adams17@hotmail.com,https://avatars.githubusercontent.com/u/22205547,player,2024-10-25 19:24:46.745
d26e4ee7-80b1-4e36-9885-d026d9ecdd6e,Freida21,$2a$10$MfvbIn/788.ErI46fSj.wOxj5fkPXlyBd2rlGY0w9CUCB0C2eIq6y,Carey Spinka,Precious_Thompson@gmail.com,https://avatars.githubusercontent.com/u/84712963,admin,2024-10-25 19:24:46.745
dffe63d1-c904-4fae-9ff5-32828c133c6e,Kasey79,$2a$10$MfvbIn/788.ErI46fSj.wOxj5fkPXlyBd2rlGY0w9CUCB0C2eIq6y,Emiliano Ortiz,Rosie_Shanahan63@hotmail.com,https://avatars.githubusercontent.com/u/19771178,player,2024-10-25 19:24:46.745
7125c2a5-9744-4b99-8a8a-6aa5687f98a9,Hortense76,$2a$10$MfvbIn/788.ErI46fSj.wOxj5fkPXlyBd2rlGY0w9CUCB0C2eIq6y,Karlie Towne,Maximus19@gmail.com,https://avatars.githubusercontent.com/u/48790053,player,2024-10-25 19:24:46.745
2d420ad4-bce9-4aec-9aee-2cbfe3454f10,Alisa99,$2a$10$MfvbIn/788.ErI46fSj.wOxj5fkPXlyBd2rlGY0w9CUCB0C2eIq6y,Santiago Barrows,Barney_Kessler6@hotmail.com,https://avatars.githubusercontent.com/u/95558239,player,2024-10-25 19:24:46.745
bfde7acb-e352-4d2c-9cba-9192744f4c4f,Delores.Sawayn72,$2a$10$MfvbIn/788.ErI46fSj.wOxj5fkPXlyBd2rlGY0w9CUCB0C2eIq6y,Noemy Schumm,Isai_Kunze@hotmail.com,https://avatars.githubusercontent.com/u/51996189,admin,2024-10-25 19:24:46.745
2f90ff29-c27a-4e80-a00c-a9362a8e7507,Isabell83,$2a$10$MfvbIn/788.ErI46fSj.wOxj5fkPXlyBd2rlGY0w9CUCB0C2eIq6y,Johnpaul Kihn,Mozell8@gmail.com,https://avatars.githubusercontent.com/u/92868067,player,2024-10-25 19:24:46.745
9e433aae-3df8-40b6-907e-95058a2daf57,Maureen26,$2a$10$MfvbIn/788.ErI46fSj.wOxj5fkPXlyBd2rlGY0w9CUCB0C2eIq6y,Kayla Medhurst,Jana.Flatley24@gmail.com,https://avatars.githubusercontent.com/u/50039187,admin,2024-10-25 19:24:46.745
b1f1502b-bbe9-47de-b797-09b9e2240e35,Ike.Frami48,$2a$10$MfvbIn/788.ErI46fSj.wOxj5fkPXlyBd2rlGY0w9CUCB0C2eIq6y,Margarett Schultz,Janae_Dickinson13@hotmail.com,https://avatars.githubusercontent.com/u/8827327,player,2024-10-25 19:24:46.745
8ae2290a-02d9-4d24-8c8b-d474b6d3d041,Ellie_Grady46,$2a$10$MfvbIn/788.ErI46fSj.wOxj5fkPXlyBd2rlGY0w9CUCB0C2eIq6y,Darlene Kirlin,Gisselle44@yahoo.com,https://avatars.githubusercontent.com/u/56387624,admin,2024-10-25 19:24:46.745
e10d9063-f706-4747-8a79-2555e38913b7,Fredrick.Schulist,$2a$10$MfvbIn/788.ErI46fSj.wOxj5fkPXlyBd2rlGY0w9CUCB0C2eIq6y,Amani Smitham,Ellis73@gmail.com,https://avatars.githubusercontent.com/u/84103431,admin,2024-10-25 19:24:46.745
be615191-e931-40bd-a8be-92370b4827a9,Julianne_Dickens,$2a$10$MfvbIn/788.ErI46fSj.wOxj5fkPXlyBd2rlGY0w9CUCB0C2eIq6y,Belle Swaniawski,Sonia_Schamberger@hotmail.com,https://avatars.githubusercontent.com/u/43948228,admin,2024-10-25 19:24:46.745
827513c4-38e6-413f-8607-429fbd73572a,Hattie74,$2a$10$MfvbIn/788.ErI46fSj.wOxj5fkPXlyBd2rlGY0w9CUCB0C2eIq6y,Weldon Dicki,Lois40@yahoo.com,https://avatars.githubusercontent.com/u/31955990,player,2024-10-25 19:24:46.745
a066bf47-1100-4844-a60d-8629e46220bf,Russ.OKeefe47,$2a$10$MfvbIn/788.ErI46fSj.wOxj5fkPXlyBd2rlGY0w9CUCB0C2eIq6y,Humberto Bechtelar,Dulce_Kertzmann36@gmail.com,https://avatars.githubusercontent.com/u/65470195,player,2024-10-25 19:24:46.745
fbb4e49f-7c10-46f5-a06f-7e07e121a8d6,Colten5,$2a$10$MfvbIn/788.ErI46fSj.wOxj5fkPXlyBd2rlGY0w9CUCB0C2eIq6y,Demario Reilly,Newton.Conn35@yahoo.com,https://avatars.githubusercontent.com/u/32914413,player,2024-10-25 19:24:46.745
684a1956-f32f-4340-bfc1-34d4dbb5f431,Jadon37,$2a$10$MfvbIn/788.ErI46fSj.wOxj5fkPXlyBd2rlGY0w9CUCB0C2eIq6y,Kian Effertz,Ophelia_Skiles82@hotmail.com,https://avatars.githubusercontent.com/u/75303182,player,2024-10-25 19:24:46.745
a9b468a9-a1e6-4daf-9c14-d81663d1f7bd,Roma_Cummerata45,$2a$10$MfvbIn/788.ErI46fSj.wOxj5fkPXlyBd2rlGY0w9CUCB0C2eIq6y,Antone Kassulke,Judge.Labadie-Kuhic76@yahoo.com,https://avatars.githubusercontent.com/u/20100849,player,2024-10-25 19:24:46.745
d92d6abc-8102-4035-a0f9-718467eac124,Lindsey94,$2a$10$MfvbIn/788.ErI46fSj.wOxj5fkPXlyBd2rlGY0w9CUCB0C2eIq6y,Kyla Zemlak,Alana_Schmitt@gmail.com,https://avatars.githubusercontent.com/u/44918774,player,2024-10-25 19:24:46.745
48222c45-6230-44be-b74d-cdab4d72d853,Corene94,$2a$10$MfvbIn/788.ErI46fSj.wOxj5fkPXlyBd2rlGY0w9CUCB0C2eIq6y,Lera Rath,Mandy43@yahoo.com,https://avatars.githubusercontent.com/u/46933506,admin,2024-10-25 19:24:46.745
11356ebd-1e06-4e8c-a6ae-312b9efc90ce,Cathy_Little,$2a$10$MfvbIn/788.ErI46fSj.wOxj5fkPXlyBd2rlGY0w9CUCB0C2eIq6y,Jermaine Weimann,Haskell_Weber-Mueller@gmail.com,https://avatars.githubusercontent.com/u/872858,player,2024-10-25 19:24:46.745
c3ec3199-699e-429f-a59b-e7fa00ef58bc,Delilah.Blanda72,$2a$10$MfvbIn/788.ErI46fSj.wOxj5fkPXlyBd2rlGY0w9CUCB0C2eIq6y,Alfonso Homenick,Hulda_Hoeger@hotmail.com,https://avatars.githubusercontent.com/u/97558859,player,2024-10-25 19:24:46.745
4fa2db49-edc4-4d29-89f1-3d3fbc5fe405,Weston76,$2a$10$MfvbIn/788.ErI46fSj.wOxj5fkPXlyBd2rlGY0w9CUCB0C2eIq6y,Cedrick Skiles,Fay.Bosco@hotmail.com,https://avatars.githubusercontent.com/u/67003960,admin,2024-10-25 19:24:46.745
42bc7762-ed88-4d19-98d1-84cce6826b32,Stacey.Schuppe26,$2a$10$MfvbIn/788.ErI46fSj.wOxj5fkPXlyBd2rlGY0w9CUCB0C2eIq6y,Dax Franey,Mateo87@hotmail.com,https://avatars.githubusercontent.com/u/50618117,admin,2024-10-25 19:24:46.745
e470ccea-98fa-4be7-8837-00a4e53ebf65,Quinton.Hahn81,$2a$10$MfvbIn/788.ErI46fSj.wOxj5fkPXlyBd2rlGY0w9CUCB0C2eIq6y,Emmet Medhurst,Lenora87@gmail.com,https://avatars.githubusercontent.com/u/82601846,player,2024-10-25 19:24:46.745
767d3548-20be-4e31-9cc2-9c82f25cae4f,Monica_Baumbach3,$2a$10$MfvbIn/788.ErI46fSj.wOxj5fkPXlyBd2rlGY0w9CUCB0C2eIq6y,Jazmin McKenzie,Vladimir_Bernier68@hotmail.com,https://avatars.githubusercontent.com/u/21179419,admin,2024-10-25 19:24:46.745
2562107a-bc0a-4f0c-bdfe-e0a4b45661a8,Raegan_Friesen,$2a$10$MfvbIn/788.ErI46fSj.wOxj5fkPXlyBd2rlGY0w9CUCB0C2eIq6y,Jairo Gorczany,Lurline.Osinski@hotmail.com,https://avatars.githubusercontent.com/u/39837680,admin,2024-10-25 19:24:46.745
7188e6a0-6f85-4901-aa26-c4f66a2ee00b,Ilene91,$2a$10$MfvbIn/788.ErI46fSj.wOxj5fkPXlyBd2rlGY0w9CUCB0C2eIq6y,Yasmine Boehm,Arturo.Hilpert@yahoo.com,https://avatars.githubusercontent.com/u/76092601,player,2024-10-25 19:24:46.745
33111691-4f34-4929-8609-cc84d84c286b,Violet.Cummerata,$2a$10$MfvbIn/788.ErI46fSj.wOxj5fkPXlyBd2rlGY0w9CUCB0C2eIq6y,Billie Macejkovic,Kianna42@gmail.com,https://avatars.githubusercontent.com/u/88553378,player,2024-10-25 19:24:46.745
2eb8f548-1e69-4e40-b572-38e0cd4149b1,Talon.Maggio4,$2a$10$MfvbIn/788.ErI46fSj.wOxj5fkPXlyBd2rlGY0w9CUCB0C2eIq6y,Gardner Williamson,Aaron25@gmail.com,https://avatars.githubusercontent.com/u/8119229,admin,2024-10-25 19:24:46.745
194a8879-d74d-42c7-b7c3-5b39c44da43b,Destin90,$2a$10$MfvbIn/788.ErI46fSj.wOxj5fkPXlyBd2rlGY0w9CUCB0C2eIq6y,Kathlyn McDermott,Alvera17@yahoo.com,https://avatars.githubusercontent.com/u/42353628,player,2024-10-25 19:24:46.745
04f559c6-180d-4806-9799-7560363849e1,Amara89,$2a$10$MfvbIn/788.ErI46fSj.wOxj5fkPXlyBd2rlGY0w9CUCB0C2eIq6y,Ellis Orn,Hannah_Gibson@gmail.com,https://avatars.githubusercontent.com/u/97105653,player,2024-10-25 19:24:46.745
bdbdbb1b-e614-48a0-9a43-416a4607af99,Jeramy94,$2a$10$MfvbIn/788.ErI46fSj.wOxj5fkPXlyBd2rlGY0w9CUCB0C2eIq6y,Roscoe Armstrong,Sonya14@hotmail.com,https://avatars.githubusercontent.com/u/62421607,player,2024-10-25 19:24:46.745
9f6f0e3e-12c5-41ec-a987-c3ca5dc90e2b,Brain89,$2a$10$MfvbIn/788.ErI46fSj.wOxj5fkPXlyBd2rlGY0w9CUCB0C2eIq6y,Pansy Harvey,Madisyn51@yahoo.com,https://avatars.githubusercontent.com/u/69989459,admin,2024-10-25 19:24:46.745
2f210959-5a7c-4ce2-b339-a422d02db1bc,Yessenia63,$2a$10$MfvbIn/788.ErI46fSj.wOxj5fkPXlyBd2rlGY0w9CUCB0C2eIq6y,Chad Crist-Runolfsson,Estrella_Greenfelder@hotmail.com,https://avatars.githubusercontent.com/u/6208796,admin,2024-10-25 19:24:46.745
18a99186-f272-4264-bc0e-cc3174f917ad,Ray.Lehner43,$2a$10$MfvbIn/788.ErI46fSj.wOxj5fkPXlyBd2rlGY0w9CUCB0C2eIq6y,Piper VonRueden,Rebeca50@gmail.com,https://avatars.githubusercontent.com/u/11025164,player,2024-10-25 19:24:46.745
895a9b18-196e-480f-9161-5564b3e78efe,Elyse57,$2a$10$MfvbIn/788.ErI46fSj.wOxj5fkPXlyBd2rlGY0w9CUCB0C2eIq6y,Juvenal Mertz,Alexie52@hotmail.com,https://avatars.githubusercontent.com/u/6249571,admin,2024-10-25 19:24:46.745
6d0908ef-768c-428f-b32e-1d3f2f2688cc,Julius.Pfannerstill-Watsica78,$2a$10$MfvbIn/788.ErI46fSj.wOxj5fkPXlyBd2rlGY0w9CUCB0C2eIq6y,Madaline White,Doyle_Macejkovic72@gmail.com,https://avatars.githubusercontent.com/u/7658541,admin,2024-10-25 19:24:46.745
87e88cfd-f05e-4d3f-96f1-915443c673c6,Aileen_Friesen,$2a$10$MfvbIn/788.ErI46fSj.wOxj5fkPXlyBd2rlGY0w9CUCB0C2eIq6y,Margarete Murazik,Jade_Stark@gmail.com,https://avatars.githubusercontent.com/u/92469481,player,2024-10-25 19:24:46.746
97c09c24-9632-4860-8d91-c59023001118,Misty87,$2a$10$MfvbIn/788.ErI46fSj.wOxj5fkPXlyBd2rlGY0w9CUCB0C2eIq6y,Orlo Considine,Frida.Koepp@hotmail.com,https://avatars.githubusercontent.com/u/54024937,admin,2024-10-25 19:24:46.746
ad28e2e9-a811-4ea7-b8b7-9e4d1bdc5e29,Edwina59,$2a$10$MfvbIn/788.ErI46fSj.wOxj5fkPXlyBd2rlGY0w9CUCB0C2eIq6y,Otto Heathcote,Marian_Lebsack7@yahoo.com,https://avatars.githubusercontent.com/u/93938091,player,2024-10-25 19:24:46.746
5cf466ae-f368-4806-ab51-bba8d47fdf48,Halle.Lubowitz23,$2a$10$MfvbIn/788.ErI46fSj.wOxj5fkPXlyBd2rlGY0w9CUCB0C2eIq6y,Alaina Hagenes,Nels55@yahoo.com,https://avatars.githubusercontent.com/u/4466517,player,2024-10-25 19:24:46.746
cbb827b8-299d-416d-b708-4745b3edb4bf,Adalberto_Kreiger,$2a$10$MfvbIn/788.ErI46fSj.wOxj5fkPXlyBd2rlGY0w9CUCB0C2eIq6y,Jeanie Weber,Vladimir.Cronin@hotmail.com,https://avatars.githubusercontent.com/u/52713058,admin,2024-10-25 19:24:46.746
af0c3959-9da8-4551-87a8-2a5eefc37d8c,Christopher.Gorczany,$2a$10$MfvbIn/788.ErI46fSj.wOxj5fkPXlyBd2rlGY0w9CUCB0C2eIq6y,Kira Morissette,Dawn_Pfeffer69@hotmail.com,https://avatars.githubusercontent.com/u/29357650,player,2024-10-25 19:24:46.746
2abaa83a-9df2-4f70-a4b6-ecbe69167f96,Freida_Block47,$2a$10$MfvbIn/788.ErI46fSj.wOxj5fkPXlyBd2rlGY0w9CUCB0C2eIq6y,Kaden Schneider,Cloyd_Pfeffer@yahoo.com,https://avatars.githubusercontent.com/u/66997783,admin,2024-10-25 19:24:46.746
9e81c543-a12f-45ce-83b6-87e926fb8453,Ayden93,$2a$10$MfvbIn/788.ErI46fSj.wOxj5fkPXlyBd2rlGY0w9CUCB0C2eIq6y,Art Farrell,Monique3@gmail.com,https://avatars.githubusercontent.com/u/57609332,player,2024-10-25 19:24:46.746
c84915c5-cbbc-42a2-96c9-bd33db98b1c8,Shanelle_Barrows31,$2a$10$MfvbIn/788.ErI46fSj.wOxj5fkPXlyBd2rlGY0w9CUCB0C2eIq6y,Marilyne Gutmann,Madison75@gmail.com,https://avatars.githubusercontent.com/u/62611088,player,2024-10-25 19:24:46.746
f9b4b69c-7753-466e-82bd-2cb70cb56f02,Guy.Boyle,$2a$10$MfvbIn/788.ErI46fSj.wOxj5fkPXlyBd2rlGY0w9CUCB0C2eIq6y,Katelynn Kihn,Madeline81@gmail.com,https://avatars.githubusercontent.com/u/63134243,admin,2024-10-25 19:24:46.746
b9d05de3-44e9-4c7e-abdc-bafff5c0a330,Brigitte_Moore74,$2a$10$MfvbIn/788.ErI46fSj.wOxj5fkPXlyBd2rlGY0w9CUCB0C2eIq6y,Wendy Walsh,Antonietta.Hyatt16@hotmail.com,https://avatars.githubusercontent.com/u/81241255,admin,2024-10-25 19:24:46.746
364fe48e-b32a-4dee-8036-f6306177826c,Lon.Rogahn,$2a$10$MfvbIn/788.ErI46fSj.wOxj5fkPXlyBd2rlGY0w9CUCB0C2eIq6y,Hosea Reichel,Zack_Murray@yahoo.com,https://avatars.githubusercontent.com/u/5049414,player,2024-10-25 19:24:46.746
c548b2e9-f653-474c-9cbe-7aba255aa78b,Crystal.Ankunding88,$2a$10$MfvbIn/788.ErI46fSj.wOxj5fkPXlyBd2rlGY0w9CUCB0C2eIq6y,Alyson Langosh,Howell_Jast@gmail.com,https://avatars.githubusercontent.com/u/75382168,player,2024-10-25 19:24:46.746
441004f0-c61f-41d4-a84d-02bc5f5636e0,Ernesto.Rodriguez,$2a$10$MfvbIn/788.ErI46fSj.wOxj5fkPXlyBd2rlGY0w9CUCB0C2eIq6y,Pattie Wyman,Berniece.Gulgowski20@yahoo.com,https://avatars.githubusercontent.com/u/67902570,player,2024-10-25 19:24:46.746
e128fa53-ee88-4bf3-9a27-6618081cd78f,Piper.Witting,$2a$10$MfvbIn/788.ErI46fSj.wOxj5fkPXlyBd2rlGY0w9CUCB0C2eIq6y,Alana Waelchi,Tierra43@gmail.com,https://avatars.githubusercontent.com/u/71667562,admin,2024-10-25 19:24:46.746
ce52ed95-b4b6-4b04-b865-7fda6d1af781,Mallie_Gislason88,$2a$10$MfvbIn/788.ErI46fSj.wOxj5fkPXlyBd2rlGY0w9CUCB0C2eIq6y,Annamarie Johns,Mariela_Fritsch@gmail.com,https://avatars.githubusercontent.com/u/16649894,player,2024-10-25 19:24:46.746
becede62-7bb5-44c1-b400-b50e96a98864,Antonina.Jaskolski8,$2a$10$MfvbIn/788.ErI46fSj.wOxj5fkPXlyBd2rlGY0w9CUCB0C2eIq6y,Americo Mayert,Milton_Muller21@yahoo.com,https://avatars.githubusercontent.com/u/27036795,admin,2024-10-25 19:24:46.746
e7ea8782-a0c1-4c3b-a636-08c07bb96427,Cayla.Volkman,$2a$10$MfvbIn/788.ErI46fSj.wOxj5fkPXlyBd2rlGY0w9CUCB0C2eIq6y,Hobart Boehm,Allene18@hotmail.com,https://avatars.githubusercontent.com/u/84976695,admin,2024-10-25 19:24:46.746
c7bfaa87-993f-40f0-b1bb-29d3d735960f,Anastacio.Lockman22,$2a$10$MfvbIn/788.ErI46fSj.wOxj5fkPXlyBd2rlGY0w9CUCB0C2eIq6y,Ali Rempel,Michael.Hoppe@gmail.com,https://avatars.githubusercontent.com/u/62499039,admin,2024-10-25 19:24:46.746
c25e774a-2f59-41c0-bda7-4fada62cb6ac,Beau52,$2a$10$MfvbIn/788.ErI46fSj.wOxj5fkPXlyBd2rlGY0w9CUCB0C2eIq6y,Lori Zemlak,Amparo.Cronin77@hotmail.com,https://avatars.githubusercontent.com/u/37666497,admin,2024-10-25 19:24:46.746
84a18f2f-9361-4cf3-8ac5-8f85255486b9,Celestino.Mraz,$2a$10$MfvbIn/788.ErI46fSj.wOxj5fkPXlyBd2rlGY0w9CUCB0C2eIq6y,Shad Hamill,Natalia80@hotmail.com,https://avatars.githubusercontent.com/u/11242155,admin,2024-10-25 19:24:46.746
3c10dc78-57c9-4590-bb31-21d5dbcc0c9f,Kaya.Leannon,$2a$10$MfvbIn/788.ErI46fSj.wOxj5fkPXlyBd2rlGY0w9CUCB0C2eIq6y,Ethan Fisher,Rosalinda63@gmail.com,https://avatars.githubusercontent.com/u/55073623,player,2024-10-25 19:24:46.746
c91e27b7-8212-4e6c-b115-b72fd0e1d56b,Dante27,$2a$10$MfvbIn/788.ErI46fSj.wOxj5fkPXlyBd2rlGY0w9CUCB0C2eIq6y,Norma Schmitt,Earnestine36@yahoo.com,https://avatars.githubusercontent.com/u/5848616,admin,2024-10-25 19:24:46.746
e5fbb806-9f75-416e-a88e-6c9e3086a14c,Napoleon.Schaden,$2a$10$MfvbIn/788.ErI46fSj.wOxj5fkPXlyBd2rlGY0w9CUCB0C2eIq6y,Heather Swaniawski,Sasha.Kessler73@gmail.com,https://avatars.githubusercontent.com/u/72925539,player,2024-10-25 19:24:46.746
1a802e9c-2eb6-463b-a83c-63bc4eac148c,Ayla_Vandervort99,$2a$10$MfvbIn/788.ErI46fSj.wOxj5fkPXlyBd2rlGY0w9CUCB0C2eIq6y,Skylar Mante,Krystina21@gmail.com,https://avatars.githubusercontent.com/u/32343063,player,2024-10-25 19:24:46.746
d8e7fb8c-1f31-44af-bdff-dc09b43e5e02,Tyshawn.West82,$2a$10$MfvbIn/788.ErI46fSj.wOxj5fkPXlyBd2rlGY0w9CUCB0C2eIq6y,Jazmyn Kris,Jordi.Jast@gmail.com,https://avatars.githubusercontent.com/u/92253721,player,2024-10-25 19:24:46.746
993b06d2-de04-41ad-b5d5-045c740db4a8,Heidi_Daugherty7,$2a$10$MfvbIn/788.ErI46fSj.wOxj5fkPXlyBd2rlGY0w9CUCB0C2eIq6y,Dessie Mayer,Lyda_Watsica31@yahoo.com,https://avatars.githubusercontent.com/u/31159086,player,2024-10-25 19:24:46.746
5a272ecf-524c-41d4-b3e8-ee2d8cf144b1,Willis.Sanford,$2a$10$MfvbIn/788.ErI46fSj.wOxj5fkPXlyBd2rlGY0w9CUCB0C2eIq6y,Enos Durgan,Joanne_Pacocha@yahoo.com,https://avatars.githubusercontent.com/u/46673257,player,2024-10-25 19:24:46.746
576a8ab1-03ba-4943-8281-d778440036a6,Nellie.Cassin44,$2a$10$MfvbIn/788.ErI46fSj.wOxj5fkPXlyBd2rlGY0w9CUCB0C2eIq6y,Shany Rolfson,Jayden_Adams20@gmail.com,https://avatars.githubusercontent.com/u/21158370,admin,2024-10-25 19:24:46.746
837a4d22-9e89-462d-967f-a7a2aff69bcd,Abigail.Mraz51,$2a$10$MfvbIn/788.ErI46fSj.wOxj5fkPXlyBd2rlGY0w9CUCB0C2eIq6y,Josiane Dicki,Laila91@yahoo.com,https://avatars.githubusercontent.com/u/86090446,player,2024-10-25 19:24:46.746
7f1af92b-23fe-4cdc-8bcc-008df91ff2a1,Broderick.Fay59,$2a$10$MfvbIn/788.ErI46fSj.wOxj5fkPXlyBd2rlGY0w9CUCB0C2eIq6y,Eleanore Rosenbaum,Julien_Hauck28@hotmail.com,https://avatars.githubusercontent.com/u/33172977,admin,2024-10-25 19:24:46.746
d44d36fe-7e97-4e1e-91e6-81f76450f21b,Delia_Hilll84,$2a$10$MfvbIn/788.ErI46fSj.wOxj5fkPXlyBd2rlGY0w9CUCB0C2eIq6y,Berneice Hartmann,Gerard.Satterfield97@hotmail.com,https://avatars.githubusercontent.com/u/80653811,admin,2024-10-25 19:24:46.746
acb9cc96-2814-43b5-9cf3-c8d2ff197e94,Joey_Denesik,$2a$10$MfvbIn/788.ErI46fSj.wOxj5fkPXlyBd2rlGY0w9CUCB0C2eIq6y,Phoebe Mohr,Elijah_Breitenberg@gmail.com,https://avatars.githubusercontent.com/u/46603636,admin,2024-10-25 19:24:46.746
dff5bdee-222b-4c0c-b00d-7959156c304e,Ed.Weber,$2a$10$MfvbIn/788.ErI46fSj.wOxj5fkPXlyBd2rlGY0w9CUCB0C2eIq6y,Rebecca Shanahan,Muhammad40@gmail.com,https://avatars.githubusercontent.com/u/3933756,player,2024-10-25 19:24:46.746
96fe47bf-78ab-4fe3-b7b2-a3f4bb5b1d10,Adolfo.Zemlak99,$2a$10$MfvbIn/788.ErI46fSj.wOxj5fkPXlyBd2rlGY0w9CUCB0C2eIq6y,Sonya Ratke,Bernard87@gmail.com,https://avatars.githubusercontent.com/u/96809665,admin,2024-10-25 19:24:46.746
e29c77e1-4f23-413b-9587-2c889ce9f5e7,Elroy.Labadie4,$2a$10$MfvbIn/788.ErI46fSj.wOxj5fkPXlyBd2rlGY0w9CUCB0C2eIq6y,Gretchen Ullrich,Makenna67@gmail.com,https://avatars.githubusercontent.com/u/43849199,player,2024-10-25 19:24:46.746
695fbc29-cab8-42c8-9349-18d8b0b097e0,Dayne.Bruen,$2a$10$MfvbIn/788.ErI46fSj.wOxj5fkPXlyBd2rlGY0w9CUCB0C2eIq6y,Adriel Bins,Danika59@yahoo.com,https://avatars.githubusercontent.com/u/11498542,admin,2024-10-25 19:24:46.746
4a38cf87-1819-4a1b-b928-8bad7c450f57,Carroll.Senger,$2a$10$MfvbIn/788.ErI46fSj.wOxj5fkPXlyBd2rlGY0w9CUCB0C2eIq6y,Adolphus Huel,Geo.Bechtelar81@hotmail.com,https://avatars.githubusercontent.com/u/76366,admin,2024-10-25 19:24:46.746
c6cd0440-3aba-49ab-9f28-dee2730d3576,Harvey23,$2a$10$MfvbIn/788.ErI46fSj.wOxj5fkPXlyBd2rlGY0w9CUCB0C2eIq6y,Baron Champlin,Gina_McLaughlin@yahoo.com,https://avatars.githubusercontent.com/u/75559645,admin,2024-10-25 19:24:46.746
1b79f10f-df3d-4a84-883d-e5fc5252a1bf,Margarett83,$2a$10$MfvbIn/788.ErI46fSj.wOxj5fkPXlyBd2rlGY0w9CUCB0C2eIq6y,Pattie Beier,Tate.Bauch60@gmail.com,https://avatars.githubusercontent.com/u/93851916,player,2024-10-25 19:24:46.746